,Unnamed: 0,id,title,year,rated,duration,genre,cast,director,language,imdb_rating,votes
0,0,tt0114709,toy_story,1995,G,81,"0,1,2,3,4","0,1,2,3",4,0,8.3,"894,596"
1,1,tt0113497,jumanji,1995,PG,104,"1,2,3,4","5,6,7,8",9,"0,1",7.0,"309,869"
2,2,tt0113228,grumpier_old_men,1995,PG-13,101,"2,5","10,11,12,13",14,"0,2,3",6.7,"24,392"
3,3,tt0114885,waiting_to_exhale,1995,R,124,"2,6,5","15,16,17,18",19,0,6.0,"9,602"
4,4,tt0113041,father_of_the_bride_part_ii,1995,PG,106,"2,3,5","20,21,22,23",24,0,6.1,"34,659"
5,5,tt0113277,heat,1995,R,170,"7,6,8","25,26,27,28",29,"0,4",8.2,"579,456"
6,6,tt0114319,sabrina,1995,PG,127,"2,6,5","30,31,32,33",34,"0,1",6.3,"36,994"
7,7,tt0112302,tom_and_huck,1995,PG,97,"1,2,6,3,5,9","35,36,37,38",39,0,5.5,"9,942"
8,8,tt0114576,sudden_death,1995,R,111,"10,7,8","40,41,42,43",44,0,5.8,"32,376"
9,9,tt0113189,goldeneye,1995,PG-13,130,"10,1,8","45,46,47,48",49,"0,5,4",7.2,"239,603"
10,10,tt0112346,the_american_president,1995,PG-13,114,"2,6,5","50,51,52,53",54,"0,1,4",6.8,"52,931"
11,11,tt0112896,dracula:_dead_and_loving_it,1995,PG-13,88,"2,4,11","55,56,57,58",59,"0,3",5.9,"39,094"
12,12,tt0112453,balto,1995,G,78,"0,1,6,3,12","60,61,62,63",64,0,7.1,"40,012"
13,13,tt0113987,nixon,1995,R,192,"13,6,12","65,66,41,67",68,"0,6,5",7.1,"28,852"
14,14,tt0112760,cutthroat_island,1995,PG-13,124,"10,1,2","69,70,71,72",73,0,5.7,"26,292"
15,15,tt0112641,casino,1995,R,178,"7,6","26,74,75,76",77,0,8.2,"470,638"
16,16,tt0114388,sense_and_sensibility,1995,PG,136,"6,5","78,79,80,81",82,"0,1",7.6,"103,100"
17,17,tt0113101,four_rooms,1995,R,98,2,"83,84,85,86","87,88,89,90,91",0,6.8,"98,768"
18,18,tt0112281,ace_ventura:_when_nature_calls,1995,PG-13,90,"1,2,7","92,93,94,95",96,0,6.4,"202,960"
19,19,tt0113845,money_train,1995,R,110,"10,2,7,6,8","97,98,99,100",101,0,5.7,"38,952"
20,20,tt0113161,get_shorty,1995,R,105,"2,7,8","102,103,104,105",106,0,6.9,"76,362"
21,21,tt0112722,copycat,1995,R,123,"6,14,8","107,108,109,110",111,0,6.6,"54,634"
22,22,tt0112401,assassins,1995,R,132,"10,7,8","112,113,114,115",116,"0,7,4",6.4,"77,990"
23,23,tt0114168,powder,1995,PG-13,111,"6,4,14,15,8","117,118,119,120",121,0,6.6,"28,482"
24,24,tt0113627,leaving_las_vegas,1995,R,111,"6,5","122,123,124,125",126,"0,5",7.5,"114,855"
25,25,tt0114057,othello,1995,R,123,"6,5","127,128,129,130",131,0,6.8,"9,068"
26,26,tt0114011,now_and_then,1995,PG-13,100,"2,6,5","132,133,134,135",136,0,6.8,"27,111"
27,27,tt0114117,persuasion,1995,PG,107,"6,5","137,138,139,140",141,0,7.7,"8,758"
28,28,tt0112682,the_city_of_lost_children,1995,R,112,"4,15","142,143,144,145","146,147","1,8",7.5,"64,976"
29,29,tt0115012,shanghai_triad,1995,R,108,"7,6,12,5,8","148,149,150,151",152,6,7.1,"5,195"
30,30,tt0112792,dangerous_minds,1995,R,99,"13,6","153,154,155,156",157,0,6.6,"48,695"
31,31,tt0114746,12_monkeys,1995,R,129,"14,15,8","158,159,160,161",162,"0,1",8.0,"581,631"
32,32,tt0112431,babe,1995,G,91,"2,6,3","163,164,165,166",167,0,6.8,"117,108"
33,33,tt0112818,dead_man_walking,1995,R,122,"7,6","168,169,170,42",171,0,7.5,"88,888"
34,34,tt0113442,it_takes_two,1995,PG,101,"2,3,5","172,173,174,175",176,0,5.9,"21,015"
35,35,tt0112697,clueless,1995,PG-13,97,"2,5","177,178,179,180",181,"0,4",6.8,"186,398"
36,36,tt0112749,"cry,_the_beloved_country",1995,PG-13,106,"6,8","182,183,184,185",186,0,6.8,"1,683"
37,37,tt0114279,richard_iii,1995,R,110,"6,15,16","187,188,189,190",191,0,7.4,"13,756"
38,38,tt0112819,dead_presidents,1995,R,119,"10,7,6,8,16","192,193,194,195","196,197",0,6.9,"20,115"
39,39,tt0114272,restoration,1995,R,117,"13,6,12,5","198,199,200,201",202,"0,9",6.6,"8,921"
40,40,tt0113855,mortal_kombat,1995,PG-13,101,"10,1,4,15,8","203,204,205,206",207,0,5.8,"103,372"
41,41,tt0114681,to_die_for,1995,R,106,"2,7,6,8","208,209,210,211",212,0,6.8,"43,875"
42,42,tt0113347,how_to_make_an_american_quilt,1995,PG-13,117,"2,6,5","213,214,215,216",217,0,6.3,"10,721"
43,43,tt0114369,se7en,1995,R,127,"7,6,14,8","218,219,220,221",222,0,8.6,"1,452,916"
44,44,tt0114148,pocahontas,1995,G,81,"0,1,6,3,17,5","223,224,225,226","227,228","0,10",6.7,"171,301"
45,45,tt0114916,when_night_is_falling,1995,R,94,"6,5","229,230,231,232",233,0,6.5,"6,633"
46,46,tt0114814,the_usual_suspects,1995,R,106,"7,14,8","234,235,236,237",238,"0,11,4,1",8.5,"998,187"
47,47,tt0113819,mighty_aphrodite,1995,R,95,"2,4,5","239,240,241,242",243,"0,9",7.0,"38,223"
48,49,tt0112499,the_big_green,1995,PG,100,"2,3,18","173,244,245,246",247,0,5.6,"9,316"
49,50,tt0113158,georgia,1995,R,115,"6,19","248,249,250,251",252,"0,12",6.7,"2,803"
50,51,tt0113321,home_for_the_holidays,1995,PG-13,103,"2,6,5","108,198,253,254",255,0,6.6,"12,185"
51,52,tt0110877,il_postino,1994,PG,108,"13,2,6,5","256,257,258,259","260,257","2,4",7.7,"33,864"
52,53,tt0113419,the_indian_in_the_cupboard,1995,PG,96,"6,3,4","261,262,263,264",265,0,6.0,"26,340"
53,54,tt0116260,eye_for_an_eye,1996,R,101,"7,6,8","266,67,267,268",269,"0,1,4,13",6.2,"13,593"
54,55,tt0113862,mr._holland's_opus,1995,PG,143,"6,19","270,271,272,273",274,"0,14",7.3,"35,754"
55,56,tt0116126,don't_be_a_menace_to_south_central_while_drinking_your_juice_in_the_hood,1996,R,89,"2,7","275,276,277,278",279,"0,4",6.6,"48,560"
56,57,tt0118002,two_if_by_sea,1996,R,96,"2,7,5","280,281,282,283",284,0,5.3,"5,399"
57,58,tt0115683,bio-dome,1996,PG-13,88,2,"285,286,287,288",289,0,4.5,"26,062"
58,59,tt0116839,lawnmower_man_2:_beyond_cyberspace,1996,PG-13,93,"10,15,8","290,291,292,293",294,0,2.5,"8,975"
59,60,tt0113149,french_twist,1995,R,104,2,"295,296,297,298",296,"1,4,0",6.4,"4,635"
60,61,tt0113118,friday,1995,R,91,"2,6","299,194,300,301",302,0,7.3,"101,066"
61,62,tt0116367,from_dusk_till_dawn,1996,R,108,"10,7,11","303,90,304,305",89,"0,4",7.2,"288,338"
62,63,tt0113010,fair_game,1995,R,91,"10,5,8","306,307,308,309",310,"0,5",4.3,"12,207"
63,64,tt0113537,kicking_and_screaming,1995,R,96,"2,6,5","311,312,313,314",315,0,6.8,"12,093"
64,65,tt0113828,les_misérables,1995,R,175,"6,12","316,317,318,319",320,"1,3,0",7.4,"3,597"
65,66,tt0115644,bed_of_roses,1996,PG,87,"6,5","321,322,323,324",325,0,6.1,"7,874"
66,67,tt0115676,big_bully,1996,PG,90,"2,8","326,327,328,329",330,0,4.7,"4,560"
67,68,tt0114367,screamers,1995,R,108,"11,15,8","331,332,333,334",335,0,6.4,"25,249"
68,70,tt0112744,the_crossing_guard,1995,R,111,"6,8","336,337,338,339",169,0,6.3,"12,773"
69,71,tt0116731,the_juror,1996,R,118,"7,6,8","340,341,342,343",344,"0,4",5.7,"17,387"
70,72,tt0112445,the_white_balloon,1995,Unrated,85,"6,3","345,346,347,348",349,15,7.7,"6,733"
71,73,tt0114660,things_to_do_in_denver_when_you're_dead,1995,R,115,"7,6,8","350,351,352,353",354,0,6.8,"26,162"
72,74,tt0112379,antonia's_line,1995,R,102,"2,6","355,356,357,358",359,7,7.4,"8,298"
73,75,tt0114039,once_upon_a_time..._when_we_were_colored,1995,PG,115,"6,5","360,361,362,363",364,0,7.1,471
74,76,tt0112365,angels_and_insects,1995,R,116,"6,5","365,366,367,368",369,0,6.8,"4,410"
75,77,tt0118158,white_squall,1996,PG-13,129,"1,6","370,371,372,373",374,"0,16,4",6.6,"21,212"
76,78,tt0116151,dunston_checks_in,1996,PG,88,"2,1,3","375,376,377,378",379,"0,1",5.4,"11,925"
77,79,tt0115697,black_sheep,1996,PG-13,87,2,"380,381,382,383",384,0,6.3,"36,789"
78,80,tt0113972,nick_of_time,1995,R,90,"10,7,6,8","385,386,185,387",388,0,6.3,"39,375"
79,81,tt0117002,mary_reilly,1996,R,108,"6,11,5,8","389,390,391,392",393,0,5.8,"14,071"
80,82,tt0114825,vampire_in_brooklyn,1995,R,100,"2,4,11,5","394,16,395,396",397,0,4.6,"21,825"
81,83,tt0115639,beautiful_girls,1996,R,112,"2,6,5","209,398,399,400",401,0,7.1,"31,407"
82,84,tt0115759,broken_arrow,1996,R,108,"10,1,8","102,321,402,403",404,0,6.1,"91,009"
83,85,tt0113403,a_midwinter's_tale,1995,R,99,2,"405,406,407,408",129,0,7.2,"2,384"
84,86,tt0113247,la_haine,1995,Not Rated,98,"7,6","409,410,411,412",413,1,8.1,"152,072"
85,87,tt0113283,heidi_fleiss:_hollywood_madam,1995,Not Rated,106,"20,13","414,415,416,417",414,0,6.5,656
86,88,tt0115907,city_hall,1996,R,111,"6,8","25,418,62,419",420,0,6.2,"19,567"
87,89,tt0115734,bottle_rocket,1996,R,91,"2,7,6","421,422,423,424",425,"0,4",7.0,"69,975"
88,90,tt0117102,mr._wrong,1996,PG-13,96,2,"426,427,428,429",430,0,3.9,"4,798"
89,91,tt0118040,unforgettable,1996,R,117,"6,14,15,8","431,432,433,309",434,"0,4",6.0,"4,944"
90,92,tt0116483,happy_gilmore,1996,PG-13,92,"2,18","435,309,436,437",438,0,7.0,"199,114"
91,93,tt0112579,the_bridges_of_madison_county,1995,PG-13,135,"6,5","439,440,441,442",439,0,7.6,"73,431"
92,95,tt0117110,muppet_treasure_island,1996,G,99,"10,1,2,3,17,5","443,226,444,445","446,447",0,7.0,"21,864"
93,97,tt0112573,braveheart,1995,R,178,"13,6,12,16","448,449,450,451",452,"0,1,9,17,2",8.3,"964,966"
94,98,tt0075314,taxi_driver,1976,R,114,"7,6","453,454,455,456",77,"0,4",8.2,"731,821"
95,99,tt0113326,rumble_in_the_bronx,1995,R,87,"10,2,7,8","457,458,459,460",461,"8,0",6.8,"39,111"
96,100,tt0115645,before_and_after,1996,PG-13,108,"7,6,14","440,462,463,464",465,0,6.1,"8,209"
97,101,tt0112373,anne_frank_remembered,1995,PG,117,"20,13,16","129,466,467,468",469,"0,3",8.0,"1,059"
98,102,tt0115033,the_young_poisoner's_handbook,1995,R,99,"7,6","470,471,472,473",474,0,7.1,"3,450"
99,103,tt0116606,if_lucy_fell,1996,R,92,"2,5","475,476,477,478",476,0,4.9,"3,806"
100,104,tt0114536,steal_big_steal_little,1995,PG-13,135,2,"350,479,480,481",482,0,4.8,901
101,106,tt0103859,boomerang,1992,R,117,"2,6,5","394,483,484,485",486,"0,1",5.5,"26,215"
102,107,tt0109424,chungking_express,1994,PG-13,102,"2,7,6,14,5","487,488,489,490",491,"8,0,18,19,6,20,21",8.1,"63,623"
103,108,tt0116324,flirting_with_disaster,1996,R,92,2,"477,492,493,494",495,0,6.7,"17,783"
104,109,tt0110647,the_neverending_story_iii,1994,G,95,"1,2,3,4","496,497,498,499",500,0,3.2,"10,747"
105,110,tt0110217,jupiter's_wife,1995,Not Rated,87,"20,13,14","501,502",503,0,7.2,231
106,111,tt0114131,pie_in_the_sky,1995,R,95,"2,5","504,505,506,507",508,0,5.7,797
107,112,tt0113451,jade,1995,R,95,"7,6,8","509,432,510,511",512,0,5.3,"11,536"
108,113,tt0116130,down_periscope,1996,PG-13,92,2,"513,400,514,515",516,0,6.2,"21,079"
109,115,tt0118055,up_close_&_personal,1996,PG-13,124,"6,5","517,153,518,519",520,0,6.2,"13,491"
110,116,tt0115685,the_birdcage,1996,R,117,2,"5,103,521,522",523,0,7.1,"80,140"
111,117,tt0112585,the_brothers_mcmullen,1995,R,98,"2,6,5","524,525,526,527",528,0,6.6,"7,437"
112,118,tt0112442,bad_boys,1995,R,119,"10,2,7,8","529,530,531,532",533,0,6.9,"241,124"
113,119,tt0112342,the_amazing_panda_adventure,1995,PG,84,"1,6,3","534,535,536,537",538,0,5.8,"3,867"
114,120,tt0112461,the_basketball_diaries,1995,R,102,"13,7,6,18","539,540,541,542",543,0,7.3,"102,625"
115,121,tt0112427,an_awfully_big_adventure,1995,R,112,"2,6,5","544,545,546,547",548,0,6.0,"2,595"
116,122,tt0109093,amateur,1994,R,105,"2,7,6,8","549,550,551,552",553,0,6.9,"5,678"
117,123,tt0112384,apollo_13,1995,PG,140,"1,6,12","0,554,60,555",556,0,7.6,"270,396"
118,124,tt0114287,rob_roy,1995,R,139,"1,13,6,12","462,557,558,559",560,0,6.9,"40,513"
119,125,tt0112288,the_addiction,1995,Not Rated,82,"6,11","561,387,562,563",564,0,6.5,"9,011"
120,126,tt0112462,batman_forever,1995,PG-13,121,"10,1","27,565,92,208",566,0,5.4,"236,100"
121,127,tt0061395,belle_de_jour,1967,R,100,"6,5","567,568,569,570",571,1,7.7,"40,365"
122,128,tt0112495,beyond_rangoon,1995,R,100,"10,1,6","492,572,573,574",575,0,6.6,"4,822"
123,129,tt0112541,blue_in_the_face,1995,R,83,2,"576,53,577,578","579,580,581",0,6.7,"9,060"
124,130,tt0109370,canadian_bacon,1995,PG,91,2,"582,583,584,237",585,0,6.0,"16,111"
125,131,tt0112642,casper,1995,PG,100,"2,3,4","586,587,588,589",590,0,6.1,"122,587"
126,132,tt0112688,clockers,1995,R,128,"7,6,14","304,591,403,592",593,0,6.9,"20,874"
127,133,tt0112715,congo,1995,PG-13,109,"10,1,14,15","594,595,596,443",597,"0,14",5.3,"42,490"
128,134,tt0112740,crimson_tide,1995,R,116,"10,6,8,16","598,103,599,154",600,0,7.3,"102,636"
129,135,tt0109508,crumb,1994,R,119,"20,13,2,6","601,602,603,604",605,0,8.0,"18,680"
130,136,tt0112851,desperado,1995,R,104,"10,7,8","113,606,607,608",89,"0,4",7.2,"171,730"
131,137,tt0112857,devil_in_a_blue_dress,1995,R,102,"7,6,14,8","598,609,610,611",612,0,6.7,"17,660"
132,138,tt0112864,die_hard_with_a_vengeance,1995,R,128,"10,1,8","159,613,614,615",616,"0,3,22",7.6,"365,912"
133,139,tt0112887,the_doom_generation,1995,R,83,"2,7,6","617,618,619,620",621,0,6.2,"13,855"
134,140,tt0113071,first_knight,1995,PG-13,134,"10,1,6,5","622,623,31,624",625,0,6.0,"68,594"
135,141,tt0113114,free_willy_2:_the_adventure_home,1995,PG,95,"1,6,3","496,626,627,628",629,"0,16,23,7,24,25,26,27",5.1,"17,181"
136,142,tt0113243,hackers,1995,PG-13,105,"2,7,6,8","630,631,632,633",634,"0,2,18,5",6.3,"65,557"
137,143,tt0113464,jeffrey,1995,R,92,"2,6","57,635,636,637",638,0,6.8,"5,750"
138,144,tt0113481,johnny_mnemonic,1995,R,96,"10,6,15,8","639,640,641,642",643,"0,18",5.7,"67,082"
139,145,tt0113492,judge_dredd,1995,R,96,"10,7,15,8","112,644,514,645",646,0,5.6,"111,002"
140,146,tt0113500,jury_duty,1995,PG-13,88,2,"647,648,649,650",651,0,4.4,"7,511"
141,147,tt0113540,kids,1995,Unrated,91,6,"652,653,654,655",656,0,7.1,"73,249"
142,148,tt0113677,living_in_oblivion,1995,R,90,"2,6","657,658,109,659",660,0,7.5,"16,678"
143,149,tt0113690,lord_of_illusions,1995,R,109,"11,14,8","661,662,663,664",665,0,6.1,"14,937"
144,150,tt0107447,love_&_human_remains,1993,R,100,"2,6","666,667,668,669",670,0,6.7,"2,445"
145,151,tt0113729,mad_love,1995,PG-13,93,"2,6,5","671,672,633,673",674,0,5.4,"6,133"
146,152,tt0113749,mallrats,1995,R,94,"2,5","675,676,677,678",679,0,7.1,"116,453"
147,153,tt0113820,mighty_morphin_power_rangers:_the_movie,1995,PG,95,"10,1,3,15,8","680,681,682,683",684,0,5.3,"25,368"
148,154,tt0110604,mute_witness,1995,R,95,"7,8","685,686,687,688",689,"0,5",6.7,"5,312"
149,155,tt0110620,nadja,1994,R,93,"6,11","551,690,691,692",693,0,6.0,"2,946"
150,156,tt0113957,the_net,1995,PG-13,114,"10,7,6,14,8","281,694,695,696",697,"0,4",6.0,"61,009"
151,157,tt0113986,nine_months,1995,PG-13,103,"2,5","545,114,327,428",698,"0,5",5.5,"35,244"
152,158,tt0114095,party_girl,1995,R,94,2,"699,700,701,702",703,"0,28",6.6,"4,620"
153,159,tt0114194,the_prophecy,1995,R,98,"10,7,6,4,11,14,8","387,704,705,706",707,0,6.5,"29,276"
154,160,tt0114241,reckless,1995,PG-13,91,"2,6,4","708,709,710,711",712,0,5.3,420
155,161,tt0114323,safe,1995,R,119,6,"114,713,714,715",716,"0,4",7.2,"13,517"
156,162,tt0114345,the_scarlet_letter,1995,R,135,"6,5","340,717,718,719",720,0,5.4,"14,426"
157,163,tt0114436,showgirls,1995,NC-17,128,6,"721,722,723,724",725,0,4.9,"62,656"
158,164,tt0114478,smoke,1995,R,112,"2,6","726,727,728,304",580,0,7.4,"33,175"
159,165,tt0114496,something_to_talk_about,1995,R,106,"2,6,5","389,729,718,730",731,0,5.7,"12,776"
160,166,tt0114508,species,1995,R,108,"10,11,15,8","732,733,734,19",735,0,5.8,"74,451"
161,167,tt0114558,strange_days,1995,R,145,"10,7,6,15,8","736,16,305,609",737,0,7.2,"67,574"
162,168,tt0058450,the_umbrellas_of_cherbourg,1964,Not Rated,91,"6,17,5","567,738,739,740",741,"1,0",7.8,"23,971"
163,169,tt0114663,three_wishes,1995,PG,115,"6,4","742,743,744,745",746,0,6.2,"2,802"
164,170,tt0114702,total_eclipse,1995,R,111,"13,6,5","539,200,747,748",749,0,6.6,"13,392"
165,171,tt0114682,"to_wong_foo_thanks_for_everything,_julie_newmar",1995,PG-13,109,"2,6","97,742,750,518",751,"0,1,2",6.6,"28,793"
166,172,tt0114781,under_siege_2:_dark_territory,1995,R,100,"10,1,8","752,753,754,755",756,0,5.5,"44,083"
167,173,tt0114798,unstrung_heroes,1995,PG,93,"2,6","757,591,758,72",21,0,6.7,"2,972"
168,174,tt0114805,unzipped,1995,R,73,20,"577,759,760,761",762,"0,1",6.5,"1,056"
169,175,tt0114887,a_walk_in_the_clouds,1995,PG-13,102,"6,5","639,763,764,765",766,0,6.7,"31,714"
170,176,tt0114898,waterworld,1995,PG-13,135,"10,1,15","767,768,769,770",771,0,6.3,"181,519"
171,177,tt0114928,white_man's_burden,1995,R,89,"6,8","102,772,773,774",775,0,5.3,"4,610"
172,178,tt0114938,wild_bill,1995,R,98,"10,13,9","370,776,558,777",778,"0,29,8",5.9,"6,517"
173,179,tt0109340,the_browning_version,1994,R,97,6,"779,780,70,124",126,0,7.2,"3,022"
174,180,tt0112602,bushwhacked,1995,PG-13,90,"1,2,7,3,14","781,782,783,784",785,0,5.6,"5,620"
175,181,tt0111579,burnt_by_the_sun,1994,R,135,"6,12,16","786,787,788,789",787,"5,1",7.9,"14,471"
176,182,tt0110882,before_the_rain,1994,Not Rated,113,"6,16","790,791,792,793",794,"30,0,31,1",8.0,"13,853"
177,183,tt0112471,before_sunrise,1995,R,101,"6,5","795,796,797,798",799,"0,3,1",8.1,"275,183"
178,184,tt0112508,billy_madison,1995,PG-13,89,2,"435,800,801,802",803,"0,1,4",6.4,"131,937"
179,185,tt0112438,the_babysitter,1995,R,90,"6,8","177,676,804,805",806,0,4.3,"4,724"
180,186,tt0112571,boys_on_the_side,1995,R,115,"2,6","807,808,672,809",810,0,6.5,"11,904"
181,187,tt0112757,the_cure,1995,PG-13,97,6,"36,811,812,813",814,0,7.7,"9,184"
182,188,tt0112643,castle_freak,1995,R,90,"6,11,14,8","815,816,817,818",819,"0,2,32",6.0,"7,356"
183,189,tt0112679,circle_of_friends,1995,PG-13,103,"6,5","671,820,821,822",823,0,6.6,"8,021"
184,190,tt0109445,clerks,1994,R,92,2,"824,825,826,827",679,0,7.7,"211,869"
185,191,tt0112883,don_juan_demarco,1994,PG-13,97,"2,6,5","828,385,376,829",830,"0,4",6.7,"48,358"
186,192,tt0109635,disclosure,1994,R,128,"6,8","50,340,831,371",832,0,6.1,"46,614"
187,193,tt0109676,drop_zone,1994,R,101,"10,1,8","97,833,834,835",388,0,5.6,"19,229"
188,194,tt0112854,destiny_turns_on_the_radio,1995,R,102,"7,2,4","836,837,838,90",839,0,4.6,"2,261"
189,195,tt0109579,death_and_the_maiden,1994,R,103,"6,14,8","107,732,840,841",842,0,7.3,"22,773"
190,196,tt0109642,dolores_claiborne,1995,R,132,"7,6,14,8","843,248,844,845",846,0,7.4,"39,426"
191,197,tt0109686,dumb_and_dumber,1994,PG-13,107,2,"92,847,400,848","849,850","0,32,3",7.3,"354,961"
192,198,tt0111797,eat_drink_man_woman,1994,Not Rated,124,"2,6,5","851,852,853,854",82,"6,1",7.8,"18,866"
193,199,tt0109759,exotica,1994,R,103,6,"855,669,856,704",857,"0,12",7.0,"18,099"
194,200,tt0109758,exit_to_eden,1994,R,113,"2,7,5,8","858,859,133,860",861,0,4.3,"6,498"
195,201,tt0109707,ed_wood,1994,R,127,"13,2,6","385,862,475,492",863,0,7.8,"165,343"
196,202,tt0113117,french_kiss,1995,PG-13,111,"2,6,5","864,865,866,867",868,"0,1",6.6,"47,037"
197,203,tt0113097,forget_paris,1995,PG-13,101,"2,5","869,870,519,871",869,"0,1",6.5,"11,469"
198,204,tt0113028,far_from_home:_the_adventures_of_yellow_dog,1995,PG,81,"1,3","872,873,632,874",875,0,6.4,"2,637"
199,205,tt0113198,a_goofy_movie,1995,G,78,"0,1,2,3,17,5","876,877,63,878",879,0,6.9,"46,658"
200,206,tt0113303,hideaway,1995,R,106,"4,11,8","120,507,177,880",881,0,5.3,"6,329"
201,207,tt0113089,fluke,1995,PG,96,"6,3,4","614,70,837,706",882,0,6.7,"6,508"
202,208,tt0109771,farinelli,1994,R,111,"13,6,19","883,884,885,886",887,"1,2",6.8,"6,369"
203,209,tt0113199,gordy,1994,G,90,"2,6,3,4","888,889,890,891",892,0,3.8,"1,856"
204,210,tt0110057,hoop_dreams,1994,PG-13,170,"20,6,18","893,894,895,896",897,0,8.3,"24,564"
205,211,tt0110005,heavenly_creatures,1994,R,99,"13,7,6,8","898,81,899,900",901,"0,1",7.3,"59,042"
206,212,tt0110066,houseguest,1995,PG,113,2,"902,903,904,905",906,0,6.0,"6,513"
207,213,tt0110116,immortal_beloved,1994,R,121,"13,6,19,5","717,907,908,909",910,"0,11",7.4,"23,342"
208,214,tt0110006,heavyweights,1995,PG,100,"2,6,3,18","911,912,913,914",915,0,6.7,"25,378"
209,215,tt0113360,the_hunted,1995,R,110,"10,6,8","203,916,917,918",919,"0,18",6.0,"4,780"
210,216,tt0110099,i.q.,1994,PG,100,"2,5","171,864,10,920",921,"0,3",6.2,"23,659"
211,217,tt0110148,interview_with_the_vampire:_the_vampire_chronicles,1994,R,123,"6,11","221,321,922,923",924,"0,1",7.5,"295,807"
212,218,tt0113463,jefferson_in_paris,1995,PG-13,139,"13,6,12,5","925,926,927,928",929,"0,1",5.8,"2,797"
213,219,tt0110189,the_jerky_boys,1995,R,82,"2,7","930,931,479,932",933,0,4.9,"2,453"
214,220,tt0110216,junior,1994,PG-13,109,"2,5,15","934,105,935,71",936,0,4.6,"65,264"
215,221,tt0113501,just_cause,1995,R,102,"10,7,6,14,8","622,127,215,937",938,0,6.4,"24,596"
216,222,tt0113538,a_kid_in_king_arthur's_court,1995,PG,89,"1,2,3,4,5","939,940,941,942",943,0,4.7,"5,751"
217,223,tt0113552,kiss_of_death,1995,R,101,"7,6,8","509,614,122,944",465,0,5.9,"16,926"
218,224,tt0076759,star_wars:_episode_iv_-_a_new_hope,1977,PG,121,"10,1,4,15","945,30,946,947",948,0,8.6,"1,239,720"
219,225,tt0110367,little_women,1994,PG,115,"6,3,5","949,235,950,402",951,"0,3,1",7.3,"52,765"
220,226,tt0113670,a_little_princess,1995,G,97,"6,3,4","952,953,954,955",956,"0,1",7.7,"32,314"
221,227,tt0110296,ladybird_ladybird,1994,R,101,6,"957,958,959,960",961,0,7.4,"3,228"
222,228,tt0103994,como_agua_para_chocolate,1992,R,105,"6,5","962,963,964,965",766,"4,0",7.1,"16,942"
223,229,tt0110322,legends_of_the_fall,1994,R,133,"6,5,16,9","221,65,966,31",967,"0,33",7.6,"149,991"
224,230,tt0110443,major_payne,1995,PG-13,95,"1,2,3","968,969,970,971",430,"0,34",6.3,"30,783"
225,231,tt0107566,mi_vida_loca,1993,R,92,"7,6","972,973,974,975",87,0,6.5,"1,978"
226,232,tt0110391,love_affair,1994,PG-13,108,"2,6,5","976,51,977,978",979,0,6.0,"4,415"
227,233,tt0113691,losing_isaiah,1995,R,111,6,"557,484,980,981",982,0,6.5,"5,490"
228,234,tt0110428,the_madness_of_king_george,1994,PG-13,110,"13,2,6,12","983,984,985,986",987,0,7.2,"15,542"
229,235,tt0109836,mary_shelley's_frankenstein,1994,R,123,"6,11,5,15","26,129,988,989",129,0,6.4,"51,683"
230,236,tt0113755,man_of_the_house,1995,PG,96,"2,3","990,991,35,992",993,0,5.2,"8,734"
231,237,tt0110538,mixed_nuts,1994,PG-13,97,"2,6","20,994,995,996",997,0,5.5,"10,722"
232,238,tt0110516,milk_money,1994,PG-13,110,"2,5","135,67,998,999",1000,0,5.6,"11,468"
233,239,tt0110527,miracle_on_34th_street,1994,PG,114,"3,4","1001,1002,836,804",1003,"0,14,7,2,5,35",6.6,"32,879"
234,240,tt0113808,miami_rhapsody,1995,PG-13,95,"2,5","475,1004,113,708",1005,0,5.4,"3,078"
235,241,tt0113896,my_family,1995,R,128,6,"1006,1007,1008,1009",1010,"0,4",7.3,"3,723"
236,242,tt0113870,murder_in_the_first,1995,R,122,"6,8","321,60,717,1011",1012,0,7.3,"26,729"
237,243,tt0110684,nobody's_fool,1994,R,110,"2,6","1013,1014,159,135",1015,0,7.4,"18,794"
238,244,tt0110638,nell,1994,PG-13,112,6,"255,462,1016,1017",1018,0,6.5,"27,410"
239,245,tt0113967,new_jersey_drive,1995,R,98,"7,6","1019,1020,1021,1022",1023,0,6.7,"2,864"
240,246,tt0117169,new_york_cop,1993,R,93,"10,7,6","1024,1025,1026,1027",1028,0,4.2,194
241,247,tt0106402,beyond_bedlam,1994,R,89,"2,11","1029,1030,1031,1032",1033,0,3.3,463
242,248,tt0110671,nina_takes_a_lover,1994,R,100,"2,5","1034,1035,1036,1037",1038,0,5.5,571
243,249,tt0110632,natural_born_killers,1994,R,118,"10,7,6","98,305,609,1039",68,"0,36,18",7.3,"217,500"
244,250,tt0110737,only_you,1994,PG,109,"2,5","1040,198,1041,607",1042,"0,2",6.5,"20,808"
245,251,tt0110729,once_were_warriors,1994,R,102,"7,6","1043,1044,1045,1046",1047,"0,37,4",7.9,"31,658"
246,252,tt0114151,poison_ivy_ii,1996,R,106,"6,8","1048,619,713,1049",1050,0,4.5,"5,464"
247,253,tt0114069,outbreak,1995,R,127,"10,6,8","1051,104,218,1052",1053,"0,13,1",6.6,"120,516"
248,254,tt0110413,léon:_the_professional,1994,R,110,"10,7,6,8","867,717,1054,419",1055,"0,2,1",8.5,"1,044,225"
249,255,tt0114113,the_perez_family,1995,R,113,"2,5,6","1040,734,338,510",1056,0,6.0,"2,107"
250,256,tt0114210,a_pyromaniac's_love_story,1995,PG,94,"2,5","306,750,1057,1058",1059,0,5.4,965
251,257,tt0110912,pulp_fiction,1994,R,154,"7,6","559,1060,1061,102",90,"0,4,1",8.9,"1,841,574"
252,258,tt0105652,pushing_hands,1991,Not Rated,105,"2,6","851,1062,1063,1064",82,"6,0",7.3,"3,757"
253,259,tt0110889,priest,1994,R,98,"6,5","1065,79,1066,1067",674,"9,0",7.0,"9,694"
254,260,tt0110932,quiz_show,1994,PG-13,133,"13,6,12","591,1068,736,1069",517,0,7.5,"65,089"
255,261,tt0114129,picture_bride,1994,PG-13,94,"6,5","1070,206,1071,1072",1073,"0,18",6.6,"1,058"
256,262,tt0110963,queen_margot,1994,R,159,"13,6,12,5","1074,1075,1076,1077",1078,"1,2",7.4,"16,347"
257,263,tt0114214,the_quick_and_the_dead,1995,R,107,"10,5,8,9","74,103,1079,539",1080,"0,4",6.4,"86,284"
258,264,tt0114296,roommates,1995,PG,108,"2,6","1081,1082,114,1083",1084,0,6.4,"1,736"
259,265,tt0110907,ready_to_wear,1994,R,133,"2,6","1085,12,1086,1087",1088,"0,1,2,5,4",5.2,"14,370"
260,266,tt0111495,three_colors:_red,1994,R,99,"6,14,5","128,1089,1090,1091",1092,1,8.1,"91,291"
261,267,tt0108394,three_colors:_blue,1993,R,94,"6,19,14,5","1093,1094,1095,1096",1092,"1,22,38",7.9,"90,376"
262,268,tt0111507,three_colors:_white,1994,R,92,"2,6,5","1097,796,1098,1099",1092,"38,1,0",7.6,"64,781"
263,269,tt0114268,rent-a-kid,1995,G,85,"6,3,2","55,351,1100,1101",1102,0,5.5,"1,882"
264,270,tt0110965,relative_fear,1994,R,94,"6,11,8","1103,1104,1105,1106",1107,0,5.8,286
265,271,tt0114571,stuart_saves_his_family,1995,PG-13,95,"2,6","1108,1034,1109,1110",1111,0,5.2,"2,646"
266,272,tt0111333,the_swan_princess,1994,G,90,"0,2,3,4,17,5","1112,1113,1114,1115",1116,0,6.5,"22,933"
267,273,tt0111112,the_secret_of_roan_inish,1994,PG,103,"6,3,4","1117,1118,1119,1120",1121,"0,39",7.5,"7,248"
268,274,tt0111255,the_specialist,1994,R,110,"10,6,8","112,74,76,1122",1123,0,5.6,"62,521"
269,275,tt0111282,stargate,1994,PG-13,116,"10,1,15","1124,1125,1126,1127",1128,"0,40,32,41,28",7.1,"176,153"
270,276,tt0111070,the_santa_clause,1994,PG,97,"2,6,3,4","1,1129,1130,377",1131,"0,4",6.5,"100,950"
271,277,tt0111161,the_shawshank_redemption,1994,R,142,6,"171,218,1132,1133",1134,0,9.3,"2,354,197"
272,278,tt0111149,shallow_grave,1994,R,89,"7,8","1135,1136,1137,1138",1139,0,7.3,"57,033"
273,279,tt0108260,suture,1993,Not Rated,96,"6,8","1140,1141,1142,1143","1144,1145",0,6.6,"1,710"
274,280,tt0106966,strawberry_and_chocolate,1993,R,108,"2,6,5","1146,1147,1148,1149","1150,1151","4,0,1",7.4,"5,340"
275,281,tt0114594,swimming_with_sharks,1994,R,93,"2,7","1052,1152,1153,236",1154,0,7.1,"21,909"
276,282,tt0111309,the_sum_of_us,1994,R,100,"2,6","1155,1079,1156,1157","1158,1159",0,7.3,"5,070"
277,283,tt0113936,senior_trip,1995,R,91,"1,2","291,1160,1161,1162",1163,0,5.8,"5,435"
278,284,tt0110081,to_live,1994,Not Rated,133,"6,16","1164,148,1165,1166",152,6,8.3,"16,170"
279,285,tt0114614,tank_girl,1995,R,104,"10,2,15","1167,641,1168,1169",1170,0,5.4,"30,294"
280,286,tt0114608,tales_from_the_crypt:_demon_knight,1995,R,92,"10,4,11,8","1171,1172,1133,1173",1174,0,6.7,"21,758"
281,287,tt0111280,star_trek:_generations,1994,PG,118,"10,1,14,15,8","1175,1176,1177,1178",1179,"0,42",6.6,"76,803"
282,288,tt0114609,tales_from_the_hood,1995,R,98,"7,6,11,8","1180,1181,1182,1183",1184,0,6.4,"7,180"
283,289,tt0111454,tom_&_viv,1994,PG-13,115,"13,6,5","1185,1186,1187,1188",1189,0,6.4,"1,529"
284,290,tt0114852,village_of_the_damned,1995,R,98,"11,15,8","1190,172,1191,1192",1193,0,5.7,"28,898"
285,291,tt0114694,tommy_boy,1995,PG-13,97,"1,2","380,381,1194,1195",1196,0,7.1,"77,072"
286,292,tt0111590,vanya_on_42nd_street,1994,PG,119,"2,6,5","1197,1198,1199,1200",1201,0,7.4,"4,342"
287,293,tt0114788,the_underneath,1995,R,99,"7,8","1202,1203,1204,1205",1206,0,6.1,"3,294"
288,294,tt0114888,the_walking_dead,1995,R,88,"10,6,16","395,1207,1208,1209",1210,0,4.9,745
289,295,tt0108550,what's_eating_gilbert_grape,1993,PG-13,118,6,"385,539,305,117",731,0,7.8,"216,807"
290,296,tt0114857,virtuosity,1995,R,106,"10,7,15,8","598,773,1079,1211",881,0,5.6,"28,207"
291,297,tt0114924,while_you_were_sleeping,1995,PG,103,"2,6,5","281,427,1202,1212",1213,0,6.7,"93,011"
292,298,tt0111667,the_war,1994,PG-13,126,6,"1214,767,249,1215",520,0,6.8,"12,022"
293,299,tt0109655,double_happiness,1994,PG-13,87,"6,5","1216,1217,1218,1219",1220,"0,8",7.0,"1,080"
294,300,tt0110598,muriel's_wedding,1994,R,106,"2,6","1221,1222,1223,1224",1225,0,7.2,"35,630"
295,301,tt0112435,the_baby-sitters_club,1995,PG,94,"2,6,3","1226,1227,1228,1229",1230,0,5.8,"5,395"
296,302,tt0109040,ace_ventura:_pet_detective,1994,PG-13,86,2,"92,1231,1232,1233",1234,0,6.9,"278,703"
297,303,tt0109045,"the_adventures_of_priscilla,_queen_of_the_desert",1994,R,104,"2,19","166,1235,1236,1237",1238,"0,43",7.5,"46,729"
298,304,tt0106339,backbeat,1994,R,100,"13,6,19,5","1239,1240,1241,1242",634,"0,3,1,5",6.7,"5,830"
299,305,tt0104779,bitter_moon,1992,R,139,"6,5,8","433,1243,545,366",842,"0,1",7.2,"35,758"
300,306,tt0109348,bullets_over_broadway,1994,R,98,"2,7","418,522,1244,510",243,0,7.4,"35,634"
301,307,tt0109444,clear_and_present_danger,1994,PG-13,141,"10,7,6,8","30,1185,1245,607",1246,0,6.9,"90,162"
302,308,tt0109446,the_client,1994,PG-13,119,"7,6,14,8","168,565,808,996",566,0,6.8,"60,926"
303,309,tt0109484,"corrina,_corrina",1994,PG,115,"2,6,5","1247,1248,1249,1250",1251,0,6.6,"12,367"
304,310,tt0109504,crooklyn,1994,PG-13,115,"2,6","1252,403,1253,1254",593,"0,2,4",7.0,"9,488"
305,311,tt0109506,the_crow,1994,R,102,"10,6,4","1255,1256,596,1257",1258,0,7.6,"166,881"
306,312,tt0109450,cobb,1994,R,128,"13,6,18","565,1259,1260,1261",1262,0,6.4,"7,103"
307,313,tt0109813,the_flintstones,1994,PG,91,"2,3,4","506,1002,326,133",1263,0,4.9,"76,238"
308,314,tt0109830,forrest_gump,1994,PG-13,142,"6,5","0,1264,266,1265",1266,0,8.8,"1,826,575"
309,315,tt0109831,four_weddings_and_a_funeral,1994,R,117,"2,6,5","545,78,94,1267",548,"0,44",7.1,"140,328"
310,316,tt0113305,higher_learning,1995,R,127,"7,6,8","1268,1269,1270,1271",1272,0,6.5,"18,188"
311,317,tt0110091,i_like_it_like_that,1994,R,104,"2,6,5","1273,160,1274,1275",1276,0,6.9,"1,523"
312,318,tt0110093,i_love_trouble,1994,PG,123,"10,2,5,8","925,389,1277,1278",24,0,5.3,"11,472"
313,319,tt0110167,it_could_happen_to_you,1994,PG,101,"2,6,5","122,62,1279,1280",1281,"0,4",6.4,"36,143"
314,320,tt0110213,the_jungle_book,1994,PG,111,"1,3,5","1282,1283,1284,199",1285,0,6.0,"16,487"
315,322,tt0110357,the_lion_king,1994,G,88,"0,1,6,3,17","1286,1287,1288,63","1289,1290","0,35,45,46",8.5,"946,731"
316,323,tt0107426,little_buddha,1993,PG,123,6,"639,1291,1292,1293",1294,0,6.1,"15,822"
317,324,tt0111686,wes_craven's_new_nightmare,1994,R,112,"4,11,14,8","1295,1296,1297,1298",397,0,6.5,"51,559"
318,325,tt0110475,the_mask,1994,PG-13,101,"10,2,7,4","92,1299,1300,58",1301,"0,32",6.9,"349,227"
319,326,tt0110478,maverick,1994,PG,127,"10,1,2,8,9","452,255,1302,615",116,0,7.1,"102,128"
320,327,tt0110588,mrs._parker_and_the_vicious_circle,1994,R,125,"13,6","248,1303,1287,1202",1304,0,6.4,"4,222"
321,328,tt0110622,naked_gun_33_1/3:_the_final_insult,1994,PG-13,83,"2,7","55,1305,1306,1307",1196,0,6.5,"97,953"
322,329,tt0110771,the_paper,1994,R,112,"2,6","1308,718,467,1040",556,0,6.7,"13,068"
323,330,tt0110950,reality_bites,1994,PG-13,99,"2,6,5","949,795,1309,1310",477,0,6.6,"46,268"
324,331,tt0105226,red_rock_west,1993,R,98,"7,6,8","122,1311,1312,1313",434,0,7.0,"20,399"
325,332,tt0110989,richie_rich,1994,PG,95,"2,3","1314,1315,1316,383",1317,"0,9",5.4,"64,431"
326,333,tt0110997,the_river_wild,1994,PG-13,111,"1,7,8","440,744,1318,980",1319,"0,14",6.4,"41,418"
327,334,tt0111257,speed,1994,R,116,"10,1,8","639,1320,281,1208",1321,0,7.2,"331,172"
328,335,tt0111256,speechless,1994,PG-13,99,"2,5","1308,69,1190,1322",1323,"0,4",5.8,"4,791"
329,336,tt0111438,timecop,1994,R,99,"10,7,15,8","40,1324,1325,1326",44,0,5.9,"55,797"
330,337,tt0111503,true_lies,1994,R,141,"10,2,8","934,1327,327,554",1328,"0,1,28,3",7.2,"238,573"
331,338,tt0111693,when_a_man_loves_a_woman,1994,R,126,"6,5","350,864,1083,1250",1329,"0,34",6.6,"20,439"
332,339,tt0111742,wolf,1994,R,125,"6,11,5,8","336,153,1125,1330",523,"0,4",6.3,"52,808"
333,340,tt0111756,wyatt_earp,1994,PG-13,191,"1,13,7,6,9","767,729,103,1331",868,"0,4",6.7,"45,794"
334,341,tt0112443,bad_company,1995,R,108,"7,6,8","776,127,71,1332",1333,0,5.4,"2,712"
335,342,tt0110455,a_man_of_no_importance,1994,R,99,"2,6","779,1334,392,1335",1336,0,6.7,"1,039"
336,343,tt0111048,s.f.w.,1994,R,96,"2,6","1240,1337,1338,1339",1340,0,5.8,"4,737"
337,344,tt0110399,a_low_down_dirty_shame,1994,R,108,"10,2,7","1341,185,1173,1342",1341,0,6.0,"6,532"
338,347,tt0059170,"faster,_pussycat!_kill!_kill!",1965,Not Rated,83,"10,2","1343,1344,1345,1346",1347,0,6.7,"13,817"
339,348,tt0110186,jason's_lyric,1994,R,119,"7,6,5","395,1173,1348,1349",1350,0,6.6,"3,679"
340,349,tt0111301,street_fighter,1994,PG-13,102,"10,1,2,8","40,1351,1352,1353",1354,"0,18,47",4.0,"66,270"
341,350,tt0110027,highlander:_the_final_dimension,1994,PG-13,99,"10,4,5,15","203,1355,1356,1357",1358,0,4.5,"19,916"
342,351,tt0109785,federal_hill,1994,R,97,"7,6","1359,702,1360,1361",1362,0,6.3,425
343,352,tt0113409,in_the_mouth_of_madness,1994,R,95,"6,11,14,8","199,1363,645,1364",1193,0,7.2,"62,105"
344,353,tt0109021,8_seconds,1994,PG-13,105,"13,6,18,9","1278,1365,1366,1367",1368,0,6.6,"4,839"
345,354,tt0109035,above_the_rim,1994,R,96,"7,6,18,8","1369,362,1370,1371",1372,0,6.7,"14,066"
346,355,tt0106220,addams_family_values,1993,PG-13,94,"2,4","338,1351,351,428",106,0,6.8,"82,514"
347,356,tt0106226,the_age_of_innocence,1993,PG,139,"6,5","1373,153,949,1374",77,"0,2",7.2,"53,944"
348,357,tt0109068,airheads,1994,PG-13,92,"2,7,19","1375,657,435,380",1376,0,6.1,"46,274"
349,358,tt0109067,the_air_up_there,1994,PG,107,"2,3,18","60,1377,1378,1379",1380,0,5.5,"8,419"
350,359,tt0106292,another_stakeout,1993,PG-13,108,"2,7","270,1381,133,1382",388,0,5.6,"13,171"
351,360,tt0109198,bad_girls,1994,R,99,"10,1,5,9","1383,322,757,672",1384,"0,4",5.2,"11,740"
352,361,tt0109219,barcelona,1994,PG-13,101,"2,6,5","1385,1386,1387,1026",1388,"0,4",7.0,"5,702"
353,362,tt0106379,being_human,1994,PG-13,122,"2,6","5,1389,1390,1391",1392,"0,17",5.5,"3,815"
354,363,tt0106400,the_beverly_hillbillies,1993,PG,92,"2,3","3,1393,1058,1394",384,0,5.0,"17,404"
355,364,tt0109254,beverly_hills_cop_iii,1994,R,104,"10,2,7,8","394,1395,1396,1397",1398,0,5.6,"76,334"
356,365,tt0109279,black_beauty,1994,G,88,"1,6,3,5","1399,1400,46,200",1401,0,6.6,"9,359"
357,366,tt0109297,blink,1993,R,106,"7,6,14,8","1383,966,1402,1403",1018,0,6.2,"7,818"
358,367,tt0109303,blown_away,1994,R,121,"10,7,6,8","370,565,1404,1405",1406,"0,39",6.3,"28,490"
359,368,tt0109305,blue_chips,1994,PG-13,108,"6,18","925,1407,804,1408",512,0,6.2,"12,212"
360,369,tt0109306,blue_sky,1994,PG-13,101,"6,5","557,565,41,1366",1409,"0,1",6.4,"6,836"
361,370,tt0106452,body_snatchers,1993,R,87,"11,15","1410,1411,1412,1413",564,0,6.0,"16,739"
362,371,tt0106471,boxing_helena,1993,R,107,"6,14,5,8","124,1414,554,1415",1416,0,4.8,"11,426"
363,372,tt0106489,a_bronx_tale,1993,R,121,"7,6,5","26,510,1417,626",26,"0,2",7.8,"128,632"
364,373,tt0109361,cabin_boy,1994,PG-13,80,"1,2,5","1418,1419,1420,650",1421,0,5.4,"8,131"
365,374,tt0106505,calendar_girl,1993,PG-13,90,"2,6","1422,1423,1424,481",1425,0,5.1,"2,126"
366,375,tt0106519,carlito's_way,1993,R,144,"7,6,8","25,169,1426,750",1427,"0,4",7.9,"202,371"
367,376,tt0109439,city_slickers_ii:_the_legend_of_curly's_gold,1994,PG-13,116,2,"869,781,1428,1112",1429,0,5.6,"18,200"
368,377,tt0109443,clean_slate,1994,PG-13,107,"2,14","1430,85,182,237",1431,0,5.7,"3,645"
369,378,tt0106582,cliffhanger,1993,R,113,"10,1,8","112,1432,1433,1434",73,0,6.4,"120,456"
370,379,tt0106598,coneheads,1993,PG,88,"2,15","1435,1436,1437,860",1438,0,5.3,"51,466"
371,380,tt0109456,color_of_night,1994,R,121,"14,5,8","159,1439,1440,1441",1442,0,5.2,"22,785"
372,381,tt0109480,cops_and_robbersons,1994,PG,93,"2,7,8","990,1112,522,1443",1444,0,5.2,"6,344"
373,382,tt0109493,the_cowboy_way,1994,PG-13,102,"10,2,7,6,8,9","98,1445,836,596",1446,0,6.0,"7,773"
374,383,tt0106673,dave,1993,PG-13,110,"2,5","865,107,71,1447",936,"0,4",6.8,"49,187"
375,384,tt0106677,dazed_and_confused,1993,R,102,2,"1448,1339,1449,1450",799,0,7.6,"166,816"
376,385,tt0106697,demolition_man,1993,R,115,"10,15,8","112,97,281,1451",1452,0,6.7,"160,149"
377,386,tt0106834,even_cowgirls_get_the_blues,1993,R,106,"2,6,5,9","1453,540,1454,1455",212,"0,3",4.4,"7,046"
378,387,tt0106873,fatal_instinct,1993,PG-13,91,"2,7,8","644,1414,1330,1232",1456,"0,48",5.8,"6,872"
379,388,tt0106332,farewell_my_concubine,1993,R,171,"6,19,5","1457,1458,148,1164",1459,6,8.1,"25,197"
380,389,tt0106881,fearless,1993,R,122,"6,8","370,908,1279,988",1460,0,7.1,"21,311"
381,390,tt0106880,fear_of_a_black_hat,1993,R,88,"2,19","1461,1462,1184,1463",1184,0,7.2,"3,858"
382,391,tt0111732,with_honors,1994,PG-13,101,"2,6","75,1375,1464,1465",1466,0,6.8,"13,303"
383,392,tt0106926,flesh_and_bone,1993,R,126,"6,14,5","1467,1468,1469,1470",1471,0,6.2,"4,930"
384,393,tt0111712,widows'_peak,1994,PG,101,"2,7,14,8","708,1472,1016,1473",1474,"39,0",6.6,"1,595"
385,394,tt0106941,for_love_or_money,1993,PG,96,"2,6,5","53,1412,1475,1476",106,0,6.2,"12,878"
386,395,tt0106918,the_firm,1993,R,154,"6,14,8","1477,1478,103,1479",34,0,6.8,"121,644"
387,396,tt0106965,free_willy,1993,PG,112,"1,6,3","496,1167,1480,628",1481,0,6.0,"69,310"
388,397,tt0109842,fresh,1994,R,114,"7,6,8","1482,726,614,1483",1484,"0,4",7.6,"12,233"
389,398,tt0106977,the_fugitive,1993,PG-13,130,"10,7,6,14,8","30,565,1485,114",482,"0,38,4",7.8,"268,464"
390,399,tt0107004,geronimo:_an_american_legend,1993,PG-13,115,"6,12,9","1486,103,718,1487",778,"0,49",6.5,"9,420"
391,400,tt0109890,the_getaway,1994,R,115,"10,1,7,6,8","341,1087,733,76",735,0,5.8,"17,143"
392,401,tt0109891,getting_even_with_dad,1994,PG,109,"2,7,3","1314,1488,271,1277",14,0,4.8,"7,469"
393,402,tt0109913,go_fish,1994,R,83,"2,6,5","1489,1490,1491,1492",1493,0,5.6,"1,987"
394,403,tt0107076,hard_target,1993,R,97,"10,1,6,8","1494,1495,1496,119",404,"0,1",6.2,"45,266"
395,404,tt0107144,hot_shots!_part_deux,1993,PG-13,86,"10,2","1497,1405,85,511",1498,0,6.6,"84,666"
396,405,tt0113674,live_nude_girls,1995,R,95,2,"858,1499,871,1500",1501,0,5.2,"1,669"
397,406,tt0112966,the_englishman_who_went_up_a_hill_but_came_down_a_mountain,1995,PG,99,"2,6,5","545,1335,1502,93",1503,"0,50",6.6,"16,530"
398,407,tt0107151,the_house_of_the_spirits,1993,R,140,"6,5","1504,1505,1506,1507",1508,"0,4",6.9,"21,070"
399,408,tt0110064,house_party_3,1994,R,100,"2,19,5","1509,1510,1511,1512",1513,0,4.7,"4,746"
400,409,tt0110074,the_hudsucker_proxy,1994,PG,111,"2,6,4","171,248,1013,254","1514,1515",0,7.2,"77,077"
401,410,tt0110097,i'll_do_anything,1994,PG-13,115,"2,6","925,43,1516,1517",1518,0,5.5,"2,425"
402,411,tt0110123,in_the_army_now,1994,PG,91,"2,16","647,1519,1167,485",1520,0,5.0,"12,755"
403,412,tt0107206,in_the_line_of_fire,1993,R,128,"10,7,6,8","439,390,104,836",1053,0,7.2,"93,394"
404,413,tt0107207,in_the_name_of_the_father,1993,R,133,"13,7,6","1521,1373,1522,935",1523,0,8.1,"157,487"
405,414,tt0110137,the_inkwell,1994,R,110,"2,6,5","192,1208,1524,1525",1526,0,6.5,"1,329"
406,415,tt0108551,what's_love_got_to_do_with_it,1993,R,118,"13,6,19","1527,1528,1529,1530",344,0,7.3,"17,084"
407,416,tt0110197,jimmy_hollywood,1994,R,112,"7,2,6","75,321,295,1531",832,0,5.3,"3,062"
408,417,tt0107286,judgment_night,1993,R,110,"10,7,6,8","1381,981,280,1240",1406,0,6.7,"15,480"
409,418,tt0107290,jurassic_park,1993,PG-13,127,"10,1,15,8","199,1532,120,1001",1533,"0,4",8.1,"874,683"
410,419,tt0107302,kalifornia,1993,R,117,"7,6,8","221,1534,1535,1536",1537,0,6.7,"50,996"
411,420,tt0110265,killing_zoe,1993,R,96,"7,8","706,1538,1539,796",1540,"0,1",6.5,"19,659"
412,421,tt0110305,lassie,1994,PG,94,"3,1","1541,1542,1395,1543",1544,0,5.9,"5,288"
413,422,tt0107362,last_action_hero,1993,PG-13,130,"10,1,2,4","934,1545,1546,1547",616,0,6.4,"137,294"
414,423,tt0107413,life_with_mikey,1993,PG,91,"2,3","53,1548,521,1549",1550,0,5.7,"5,469"
415,424,tt0110353,lightning_jack,1994,PG-13,98,"2,9","1551,981,1552,1553",1481,0,5.6,"6,439"
416,425,tt0107468,m._butterfly,1993,R,101,"6,5","613,916,1554,1555",1556,"0,51,1,2",6.8,"8,759"
417,426,tt0107478,made_in_america,1993,PG-13,111,2,"807,1488,1557,300",1000,"0,18",5.1,"15,719"
418,427,tt0107497,malice,1993,R,107,"7,14,8","341,208,427,1558",420,"0,1",6.4,"22,753"
419,428,tt0107501,the_man_without_a_face,1993,PG-13,115,6,"452,1559,1560,1561",452,0,6.7,"27,834"
420,429,tt0107507,manhattan_murder_mystery,1993,PG,104,"2,14","243,21,1562,1198",243,0,7.3,"40,433"
421,430,tt0107554,menace_ii_society,1993,R,97,"7,6,8","1563,192,1564,1565","196,197",0,7.5,"52,149"
422,431,tt0116253,executive_decision,1996,R,133,"10,1,8","1124,752,484,750",1566,"0,28",6.4,"50,899"
423,432,tt0074102,in_the_realm_of_the_senses,1976,NC-17,109,"6,5","1567,1568,1569,1570",1571,18,6.6,"18,699"
424,433,tt0111689,what_happened_was...,1994,R,91,"2,6,5,8","1572,1573",1573,0,7.2,"1,140"
425,434,tt0107616,much_ado_about_nothing,1993,PG-13,111,"2,6,5","405,1574,1575,1576",129,0,7.3,"45,382"
426,435,tt0107613,mr._wonderful,1993,PG-13,98,"2,5","209,562,808,1577",1578,0,5.9,"3,128"
427,436,tt0107614,mrs._doubtfire,1993,PG-13,125,"2,6,3","5,266,45,1579",698,0,7.0,"246,670"
428,437,tt0107653,naked,1993,Not Rated,132,"2,6","200,1580,1581,1582",1583,0,7.8,"35,000"
429,438,tt0110657,the_next_karate_kid,1994,PG,107,"10,6,3,5,18","1454,1584,969,1585",538,0,4.5,"27,107"
430,439,tt0110678,no_escape,1994,R,118,"10,6,15,8","431,119,840,1586",49,0,6.1,"18,585"
431,440,tt0110687,north,1994,PG,87,"1,2,6,3,4","1214,375,1587,1588",54,0,4.5,"13,259"
432,441,tt0107756,orlando,1992,PG-13,94,"13,6,4,5","1589,1590,1591,1592",1593,"0,1",7.2,"14,693"
433,442,tt0107808,a_perfect_world,1993,PG-13,138,"7,6,8","767,439,1532,1594",439,0,7.6,"74,241"
434,443,tt0107818,philadelphia,1993,PG-13,125,6,"0,598,1595,1596",1597,0,7.7,"225,111"
435,444,tt0107822,the_piano,1993,R,121,"6,19,5","108,304,199,1598",1599,"0,44,37",7.6,"79,226"
436,445,tt0107840,poetic_justice,1993,R,109,"6,5","1600,1601,1602,1603",1272,0,6.1,"12,901"
437,446,tt0107889,the_program,1993,R,112,"10,6,5,18","1604,484,1268,1605",516,"0,3",6.5,"9,274"
438,447,tt0111003,the_puppet_masters,1994,R,109,"11,15,8","831,1606,1607,193",1608,0,5.9,"8,358"
439,448,tt0110939,radioland_murders,1994,PG,108,"2,7,6,17,14,5","1609,322,1610,1611",1612,0,6.2,"3,367"
440,449,tt0110955,the_ref,1994,R,96,"2,7,6","280,1613,1052,1614",401,0,6.9,"23,473"
441,450,tt0107943,the_remains_of_the_day,1993,PG,134,"6,5","1615,1190,65,935",929,"0,1,3",7.8,"66,429"
442,451,tt0110971,renaissance_man,1994,PG-13,128,"2,6","105,1616,1402,1617",1618,0,6.2,"16,709"
443,452,tt0107969,rising_sun,1993,R,129,"10,7,6,14,8","622,97,304,206",1619,"0,18",6.3,"42,627"
444,453,tt0111001,the_road_to_wellville,1994,R,118,"2,6","65,62,1287,418",1620,0,5.9,"11,593"
445,454,tt0107978,robocop_3,1993,PG-13,104,"10,7,15,8","1621,1622,1623,1624",1625,"0,18",4.1,"46,054"
446,455,tt0107977,robin_hood:_men_in_tights,1993,PG-13,104,"1,2,17,5","1283,125,1626,58",59,0,6.7,"116,543"
447,456,tt0107983,romeo_is_bleeding,1993,R,110,"7,6,5","717,1627,305,1628",1629,0,6.6,"13,130"
448,457,tt0105275,romper_stomper,1992,R,94,"7,6","1079,1630,1631,1632",1633,"0,34,3,18",6.8,"37,488"
449,458,tt0108000,ruby_in_paradise,1993,R,114,"6,5","1634,1635,1636,1637",1638,0,7.0,"2,365"
450,459,tt0108002,rudy,1993,PG,114,"13,6,18","1639,1640,1610,1641",1642,"0,4",7.5,"57,093"
451,461,tt0108052,schindler's_list,1993,R,195,"13,6,12","462,732,736,371",1533,"0,12,3,38,9",8.9,"1,222,642"
452,462,tt0111094,the_scout,1994,PG-13,101,"2,6,18","1516,1375,522,1643",1444,0,5.4,"5,957"
453,463,tt0108065,searching_for_bobby_fischer,1993,PG,109,"13,6,18","1644,519,66,732",1645,0,7.4,"32,758"
454,464,tt0108071,the_secret_garden,1993,G,101,"6,3,4","1646,1647,1648,1649",749,0,7.3,"37,265"
455,465,tt0111127,serial_mom,1994,R,95,"2,7,8","1650,1651,1652,633",1653,0,6.8,"27,085"
456,466,tt0111143,the_shadow,1994,PG-13,108,"10,1,7,4,14,8","341,916,1426,1212",1654,0,6.1,"23,563"
457,467,tt0108101,shadowlands,1993,PG,131,"13,6,5","1655,1656,1657,1658",1001,0,7.3,"17,268"
458,468,tt0108122,short_cuts,1993,R,188,"2,6","757,873,11,1659",1088,0,7.7,"42,380"
459,469,tt0111194,a_simple_twist_of_fate,1994,PG-13,106,"6,2","20,235,594,1660",1661,0,6.4,"5,093"
460,470,tt0111201,sirens,1994,R,98,"2,6,5","545,1335,199,1662",1663,0,5.8,"10,110"
461,471,tt0108149,six_degrees_of_separation,1993,R,112,"2,6,14","518,1557,831,189",921,"0,2",6.8,"19,692"
462,472,tt0108160,sleepless_in_seattle,1993,PG,105,"2,6,5","0,1664,1665,1666",997,0,6.8,"161,292"
463,473,tt0108162,sliver,1993,R,107,"6,8","74,306,1667,201",1246,0,5.1,"29,247"
464,474,tt0083658,blade_runner,1982,R,117,"10,15,8","30,1668,1232,1006",374,"0,3,8,18,11,28",8.1,"698,571"
465,475,tt0108186,son_in_law,1993,PG-13,95,"2,6,5","647,1669,1670,1671",1672,0,5.9,"17,443"
466,476,tt0108174,so_i_married_an_axe_murderer,1993,PG-13,93,"2,5","1673,837,996,1060",1674,"0,5",6.4,"33,496"
467,477,tt0108238,striking_distance,1993,R,102,"10,7,14,8","159,475,1382,609",1675,0,5.9,"40,408"
468,478,tt0108255,super_mario_bros.,1993,PG,104,"1,2,3,4,15","61,750,1320,402","1676,1677",0,4.1,"48,890"
469,479,tt0111323,surviving_the_game,1994,R,96,"10,1,7,6,8","641,1668,185,833",1174,0,6.3,"10,631"
470,480,tt0111400,terminal_velocity,1994,PG-13,102,"10,14,5,8","1497,1678,343,309",1679,0,5.5,"12,805"
471,481,tt0108328,thirty_two_short_films_about_glenn_gould,1993,Not Rated,98,"13,6,19","1680,1681,1682,1683",1684,"0,1",7.4,"3,542"
472,482,tt0111418,threesome,1994,R,93,"2,6,5","1685,234,504,1686",1687,0,6.3,"12,586"
473,483,tt0107688,the_nightmare_before_christmas,1993,PG,76,"0,3,4,17","1688,1689,1660,932",1690,0,8.0,"301,717"
474,484,tt0108333,the_three_musketeers,1993,PG,105,"10,1,2,3,5","1497,1445,671,1691",274,0,6.4,"50,822"
475,485,tt0108358,tombstone,1993,R,130,"10,13,6,12,9","1124,27,1692,554","1693,1694","4,0,9",7.8,"127,193"
476,486,tt0108399,true_romance,1993,R,119,"7,6,5,8","321,492,1320,27",600,"0,2",7.9,"207,489"
477,487,tt0108515,the_war_room,1993,PG,96,"20,12","1695,1696,1697,1698","1699,1700",0,7.3,"3,902"
478,488,tt0110763,the_pagemaster,1994,G,80,"0,1,2,3,4","1314,1701,1702,1703","1704,9",0,6.1,"21,239"
479,489,tt0114906,welcome_to_the_dollhouse,1995,R,88,"2,6","1705,1706,1707,1548",1708,0,7.4,"31,835"
480,490,tt0107002,germinal,1993,R,160,"6,5","1709,1710,1711,1712",1713,1,7.1,"4,783"
481,491,tt0109403,chasers,1994,R,102,"10,2,6,5","1667,110,1058,1714",1320,0,5.2,"5,798"
482,492,tt0107315,kika,1993,Unrated,114,2,"1715,433,295,1716",1717,4,6.5,"12,452"
483,493,tt0106408,bhaji_on_the_beach,1993,R,101,"2,6","1718,1719,1720,1721",1722,"0,20",6.3,"1,038"
484,494,tt0110363,little_big_league,1994,PG,119,"2,3,18","1723,1724,1725,1726",1727,0,6.1,"9,809"
485,495,tt0107225,"ciao,_professore!",1992,R,100,2,"1728,1729,1730,1731",1732,"52,2",6.9,"1,911"
486,496,tt0111252,spanking_the_monkey,1994,Unrated,100,"2,6","1733,1734,1735,1736",495,0,6.2,"5,965"
487,497,tt0110366,the_little_rascals,1994,PG,82,"2,3,5","1737,1738,1739,1740",384,0,6.3,"43,296"
488,498,tt0109120,andre,1994,PG,94,"1,6,3","1250,1741,1742,1743",1744,0,5.7,"6,424"
489,499,tt0108059,la_scorta,1993,Not Rated,96,"10,7,6,8","1745,884,1746,1747",1748,2,6.7,827
490,500,tt0110892,princess_caraboo,1994,PG,97,"2,6,12,14,5","1749,1750,1751,865",1752,0,6.0,"2,495"
491,501,tt0112651,the_celluloid_closet,1995,R,102,"20,12","1753,1754,1755,1756","1757,1758",0,7.8,"6,145"
492,502,tt0109382,dear_diary,1993,Unrated,100,"13,2,6","1759,1760,1761,1762",1759,"2,0,6",7.3,"7,207"
493,503,tt0112572,the_brady_bunch_movie,1995,PG-13,90,2,"1763,1764,1765,1766",1767,0,6.0,"20,735"
494,504,tt0099785,home_alone,1990,PG,103,"2,3","1314,75,781,1768",698,0,7.6,"490,522"
495,505,tt0099653,ghost,1990,PG-13,127,"6,4,5,8","742,340,709,1769",625,0,7.1,"199,042"
496,506,tt0103639,aladdin,1992,G,90,"0,1,2,3,4,17,5","1770,5,1771,1772","1773,1774",0,8.0,"374,817"
497,507,tt0103064,terminator_2:_judgment_day,1991,R,137,"10,15","934,1775,463,1776",1328,"0,4",8.5,"1,001,157"
498,508,tt0099348,dances_with_wolves,1990,PG-13,181,"1,6,9","767,1407,615,1777",767,"0,29,53",8.0,"242,137"
499,509,tt0096895,batman,1989,PG-13,126,"10,1","1308,336,1087,1259",863,"0,1,4",7.5,"340,277"
500,510,tt0102926,the_silence_of_the_lambs,1991,R,118,"7,6,8","255,1778,1463,1779",1597,"0,9",8.6,"1,283,034"
501,511,tt0029583,snow_white_and_the_seven_dwarfs,1937,Approved,83,"0,3,4,17,5","1780,1781,1782,1783","1784,1785,1786,1787,1788,1789",0,7.6,"182,230"
502,512,tt0101414,beauty_and_the_beast,1991,G,84,"0,3,4,17,5","1790,1791,1792,1793","1794,1795","0,1",8.0,"418,912"
503,513,tt0032910,pinocchio,1940,G,88,"0,2,3,4,17","1796,1797,1798,1781","1799,1800,1786,1801,1802,1803,1789",0,7.4,"132,137"
504,514,tt0100405,pretty_woman,1990,R,119,"2,5","623,389,1804,375",861,0,7.0,"292,672"
505,515,tt0065214,the_wild_bunch,1969,R,135,"10,1,9","1805,1806,1807,1808",1809,"0,4,3",7.9,"77,541"
506,516,tt0110395,love_and_a_.45,1994,R,101,"7,5,8","1004,1810,1811,815",1812,0,6.1,"4,024"
507,517,tt0109934,a_great_day_in_harlem,1994,Not Rated,60,"20,19","1813,1814,1815,1816",1817,0,7.4,416
508,518,tt0117247,one_fine_day,1996,PG,108,"2,6,5","153,303,1818,1819",202,"0,4",6.5,"43,275"
509,519,tt0112625,candyman:_farewell_to_the_flesh,1995,R,95,"11,8","1820,1821,1822,353",1823,0,5.3,"10,616"
510,520,tt0116282,fargo,1996,R,98,"7,6,8","1824,657,1825,1826","1514,1515",0,8.1,"622,205"
511,521,tt0116552,homeward_bound_ii:_lost_in_san_francisco,1996,G,88,"1,2,3,5","53,266,1827,1828",1829,0,6.0,"13,854"
512,522,tt0082509,heavy_metal,1981,R,86,"0,1,4,15","1830,1831,1832,1833","1834,1835,1836,1837,1838,1839,1840,1841,1842,1843",0,6.7,"31,873"
513,523,tt0116514,hellraiser:_bloodline,1996,R,85,"11,15","1844,1845,1846,1847",1848,0,5.2,"19,450"
514,524,tt0117283,the_pallbearer,1996,PG-13,98,"2,5","1849,926,1270,1223",1850,0,4.9,"7,762"
515,525,tt0116684,jane_eyre,1996,PG,112,"6,5","1598,1851,1852,1853",1854,"0,1",6.8,"9,097"
516,527,tt0065421,the_aristocats,1970,G,78,"0,1,2,3,17","1855,1856,1857,1858",1859,0,7.1,"94,770"
517,528,tt0113083,the_flower_of_my_secret,1995,R,103,6,"1860,1861,1862,1863",1717,"4,1",7.0,"10,524"
518,529,tt0118001,two_much,1995,PG-13,118,"2,5","113,135,1864,419",1865,0,5.4,"5,341"
519,530,tt0116165,ed,1996,PG,94,"2,3,18","1866,1867,1868,1869",1870,0,2.7,"8,125"
520,531,tt0117891,a_thin_line_between_love_and_hate,1996,R,108,"2,7,6,5,8","1871,1872,1873,1874",1871,0,5.7,"4,522"
521,532,tt0113613,the_last_supper,1995,R,92,"2,7,6,8","1875,1876,399,1436",1877,0,6.7,"14,126"
522,533,tt0117381,primal_fear,1996,R,129,"7,6,14,8","623,594,1878,1252",1879,"0,4",7.7,"191,460"
523,534,tt0115509,all_dogs_go_to_heaven_2,1996,G,82,"0,1,3,4,5","1806,1558,1497,1880","1881,1840",0,5.5,"5,547"
524,535,tt0114671,land_and_freedom,1995,Not Rated,109,"6,16","1241,1882,1883,1884",961,"0,4,54",7.6,"10,484"
525,536,tt0112844,denise_calls_up,1995,PG-13,80,2,"1885,1886,1887,1888",1889,0,6.6,"1,200"
526,537,tt0114658,theodore_rex,1995,PG,92,"10,2,3,15","807,1890,1891,1892",1893,0,2.5,"4,162"
527,538,tt0116275,a_family_thing,1996,PG-13,109,"2,6","718,182,1332,1894",1895,0,7.0,"3,296"
528,539,tt0113122,frisk,1995,Unrated,88,"6,8","1896,1897,1898,1899",1900,0,5.0,620
529,540,tt0117608,sgt._bilko,1996,PG,93,2,"20,860,903,271",1901,0,5.9,"21,486"
530,541,tt0113448,jack_&_sarah,1995,PG,110,"2,6,5","1902,402,1903,1904",1905,0,6.7,"5,005"
531,542,tt0116414,girl_6,1996,R,108,"2,6","1906,1907,593,1908",593,0,5.2,"5,868"
532,543,tt0116095,diabolique,1996,R,107,"6,11,14,8","74,1074,510,843",1909,"0,4",5.5,"13,396"
533,545,tt0115956,courage_under_fire,1996,R,116,"10,6,14,8,16","598,864,1910,1911",967,"0,28",6.6,"50,533"
534,546,tt0117060,mission:_impossible,1996,PG-13,110,"10,1,8","1477,28,1912,231",1427,"0,1,55",7.1,"388,929"
535,547,tt0109028,cold_fever,1995,Unrated,83,"2,6,14","1913,561,1914,1915",1916,"0,56,18,3",7.0,"1,721"
536,548,tt0117071,moll_flanders,1996,PG-13,123,"6,5","339,218,518,1917",1918,0,6.5,"4,018"
537,549,tt0116136,dragonheart,1996,PG-13,103,"10,1,4","729,200,1919,640",1920,0,6.5,"91,614"
538,550,tt0116168,eddie,1996,PG-13,100,"2,18","807,71,1382,264",1672,"0,5",5.2,"9,250"
539,551,tt0116683,james_and_the_giant_peach,1996,PG,79,"0,1,3,4,17","94,270,1921,1922",1690,0,6.7,"60,613"
540,552,tt0116287,fear,1996,R,97,"6,8","1923,1337,1924,1925",1926,0,6.3,"42,298"
541,553,tt0116768,kids_in_the_hall:_brain_candy,1996,R,89,2,"1927,1928,1929,1930",1163,0,7.0,"8,203"
542,554,tt0114787,underground,1995,Not Rated,167,"2,6,4,16","1931,1932,1933,1934",1935,"57,3,1,0,5",8.1,"55,494"
543,555,tt0112536,bloodsport_2,1996,R,90,"10,18","1936,1454,1937,1938","1939,1940",0,4.8,"2,866"
544,556,tt0048473,pather_panchali,1955,Not Rated,125,6,"1941,1942,1943,1944",1945,58,8.6,"23,677"
545,557,tt0052572,the_world_of_apu,1959,Not Rated,105,6,"1946,1947,1948,1949",1945,58,8.5,"12,138"
546,558,tt0117128,mystery_science_theater_3000:_the_movie,1996,PG-13,73,"2,15","1950,1951,1952,1953",1952,0,7.3,"17,670"
547,559,tt0117705,space_jam,1996,PG,88,"0,1,2,3,15,18","1954,1955,1906,1956",1957,0,6.5,"163,589"
548,560,tt0062711,barbarella,1968,Approved,98,"1,2,4,15","1958,1959,1960,1961",1962,"0,1",5.9,"32,509"
549,561,tt0108181,some_folks_call_it_a_sling_blade,1994,Not Rated,25,"21,6,8","1963,1964,804,1965",1966,0,7.6,"1,646"
550,562,tt0114307,the_run_of_the_country,1995,R,109,"6,5","779,1967,1968,1969",1084,0,6.3,376
551,563,tt0058898,alphaville,1965,Not Rated,99,"6,14,15,8","1970,1971,1972",1973,"1,0",7.1,"23,099"
552,564,tt0113443,it's_my_party,1996,R,110,"6,5","1974,873,1975,1976",1977,0,7.2,"2,757"
553,565,tt0114048,operation_dumbo_drop,1995,PG,107,"10,1,2,6,3,16","1978,431,280,1979",1481,"0,34",5.1,"8,502"
554,566,tt0117104,mrs._winterbourne,1996,PG-13,105,"2,6,5","1980,1652,1375,1981",1000,0,6.2,"6,935"
555,567,tt0117688,solo,1996,PG-13,94,"10,15,8","1355,1982,1133,1983",1984,"0,4",4.1,"4,080"
556,568,tt0117774,the_substitute,1996,R,114,"10,7,6,8","1667,1985,352,1986",1987,0,6.0,"12,493"
557,569,tt0114736,true_crime,1995,R,94,"7,6,14,8","177,1586,353,1988",1989,0,5.4,"2,336"
558,570,tt0116289,feeling_minnesota,1996,R,99,"2,7,6,5","639,1875,1109,403",1990,0,5.4,"10,536"
559,571,tt0109593,delta_of_venus,1995,R,102,6,"1991,1992,1993,1994",1995,0,4.7,"1,927"
560,572,tt0112368,angus,1995,PG-13,90,"2,6","1996,843,1997,1998",1999,0,6.7,"6,321"
561,573,tt0115742,boys,1996,PG-13,86,"6,14,5","949,2000,2001,838",2002,"0,4",5.0,"3,426"
562,574,tt0117420,the_quest,1996,PG-13,95,"10,1,6,8","40,2003,1402,2004",40,0,5.6,"24,358"
563,575,tt0117784,sunset_park,1996,R,99,"6,18","584,2005,329,2006",2007,0,6.0,"1,529"
564,576,tt0117107,mulholland_falls,1996,R,107,"7,6,14,8","925,135,510,733",1047,0,6.3,"15,905"
565,577,tt0117979,the_truth_about_cats_&_dogs,1996,PG-13,97,"2,5","1453,1309,2008,2009",1376,0,6.2,"24,973"
566,578,tt0095776,oliver_&_company,1988,G,74,"0,1,2,3,17","2010,2011,608,2012",2013,0,6.7,"44,155"
567,579,tt0115851,celtic_pride,1996,PG-13,91,"2,18","968,781,860,2014",2015,0,5.3,"9,541"
568,580,tt0116322,flipper,1996,PG,95,"1,3","1214,1551,2016,2017",2018,0,5.3,"10,267"
569,581,tt0112817,dead_man,1995,R,121,"1,6,4,9","385,2019,1714,119",2020,"0,59",7.6,"90,968"
570,582,tt0113362,the_horseman_on_the_roof,1995,R,118,"1,6,5,16","1093,2021,2022,2023",2024,"1,2",7.1,"5,653"
571,583,tt0108500,the_visitors,1993,R,107,"2,4","2025,867,2026,2027",2028,"1,3,0",7.1,"32,498"
572,584,tt0117108,multiplicity,1996,PG-13,117,"2,5,15","1308,757,2029,2030",1111,0,6.1,"29,869"
573,586,tt0113270,the_haunted_world_of_edward_d._wood_jr.,1995,Not Rated,89,"20,13","2031,2032,2033,2034",2035,0,7.3,419
574,587,tt0115963,the_craft,1996,R,101,"6,4,11,8","2036,2037,2038,2039",1687,"0,1",6.4,"79,838"
575,588,tt0116448,the_great_white_hype,1996,R,91,"2,18","614,120,2040,2041",486,0,5.5,"8,410"
576,589,tt0116827,last_dance,1996,R,103,"6,8","74,1068,2042,1202",2043,0,5.7,"3,910"
577,590,tt0112701,cold_comfort_farm,1995,PG,105,"2,5","1904,1574,2044,2045",269,0,7.2,"6,580"
578,591,tt0116508,heaven's_prisoners,1996,R,132,"6,14,8","341,773,322,2046",2047,0,5.8,"5,065"
579,592,tt0117500,the_rock,1996,R,136,"10,1,8","622,122,67,2048",533,0,7.4,"314,664"
580,593,tt0109592,cemetery_man,1994,R,105,"2,11","378,2049,2050,2051",2052,"2,0",7.2,"19,980"
581,594,tt0117998,twister,1996,PG-13,113,"10,1,8","944,554,1283,2053",1321,0,6.4,"177,503"
582,595,tt0115624,barb_wire,1996,R,98,"10,15","2054,2055,2056,2057",2058,"0,1,3",3.3,"25,269"
583,596,tt0113568,ghost_in_the_shell,1995,TV-MA,83,"0,10,7,6,14,15,8","2059,2060,2061,2062",2063,18,8.0,"129,766"
584,597,tt0117894,thinner,1996,R,93,"4,11","1621,2064,2065,2066",2067,0,5.8,"28,457"
585,598,tt0117723,spy_hard,1996,PG-13,81,"10,2","55,2068,254,2069",2070,"0,1,4",5.4,"36,185"
586,599,tt0112691,a_close_shave,1995,Not Rated,30,"0,21,2,7,3,14","2071,2072",2073,0,8.1,"39,007"
587,600,tt0117768,the_stupids,1996,PG,94,"1,2","327,2074,2075,2076",1398,"0,1",4.3,"6,433"
588,601,tt0115571,the_arrival,1996,PG-13,115,"14,15,8","1497,263,2077,2078",2079,"0,4",6.2,"32,887"
589,602,tt0057012,dr._strangelove_or:_how_i_learned_to_stop_worrying_and_love_the_bomb,1964,PG,95,2,"2080,2081,2082,2083",2084,"0,5",8.4,"453,622"
590,603,tt0109688,ashes_of_time,1994,R,100,"10,6","487,1457,2085,488",491,"6,8",7.2,"13,423"
591,605,tt0108211,stalingrad,1993,Not Rated,134,"6,16","2086,2087,2088,2089",2090,"3,5",7.5,"31,015"
592,606,tt0117331,the_phantom,1996,PG,100,"10,1,2,4","1172,1269,2091,2092",1481,0,5.0,"32,459"
593,607,tt0117765,striptease,1996,R,115,"2,7,6,8","340,2093,644,2094",1281,0,4.5,"43,076"
594,608,tt0113280,heavy,1995,R,105,"6,5","2095,2096,2097,2098",2099,0,6.8,"4,407"
595,609,tt0116669,jack,1996,PG-13,113,"2,6,4","5,777,2100,99",2101,"0,4",5.8,"56,309"
596,610,tt0116594,i_shot_andy_warhol,1996,R,103,"13,6","561,2102,2103,2104",2105,0,6.6,"6,377"
597,611,tt0070820,journey_of_the_hyena,1973,Not Rated,85,6,"2106,2107,2108,2109",2110,"60,28,1",7.1,"2,573"
598,612,tt0063715,spirits_of_the_dead,1968,R,121,"6,11,14","2111,2112,1958,1236","2113,1201,1962","1,2,0",6.5,"5,752"
599,613,tt0117951,trainspotting,1996,R,93,6,"1137,2114,630,2115",1139,0,8.1,"638,421"
600,614,tt0118523,'til_there_was_you,1997,PG-13,113,"5,2","2116,2117,2118,383",2119,0,4.9,"2,646"
601,615,tt0116629,independence_day,1996,PG-13,145,"10,1,15","1557,427,120,1407",1128,0,7.0,"528,920"
602,616,tt0117737,stealing_beauty,1996,R,118,"6,14,5","1746,2120,2121,2122",1294,"0,1,3,4,2",6.6,"26,158"
603,617,tt0116277,the_fan,1996,R,116,"10,6,18,8","26,97,776,750",600,"0,4",5.9,"46,258"
604,618,tt0116583,the_hunchback_of_notre_dame,1996,G,91,"0,6,3,17,5","375,2123,2124,63","1794,1795","0,9",6.9,"142,701"
605,619,tt0115798,the_cable_guy,1996,PG-13,96,"2,6,8","92,1287,2125,498",477,"0,1",6.1,"153,772"
606,620,tt0116778,kingpin,1996,PG-13,114,"2,18","98,2042,2126,2127","850,849",0,6.9,"77,306"
607,621,tt0116213,eraser,1996,R,115,"10,6,8","934,1604,2128,2129",1301,0,6.1,"104,205"
608,622,tt0117218,the_nutty_professor,1996,PG-13,95,"2,5,15","394,1173,2129,2130",1234,0,5.6,"110,202"
609,625,tt0111237,somebody_to_love,1994,R,102,"2,6","1279,304,764,2131",88,0,5.4,663
610,626,tt0116040,daylight,1996,PG-13,114,"10,1,6,8","112,1925,2132,2133",1920,0,5.9,"66,999"
611,627,tt0116365,the_frighteners,1996,R,110,"2,4,11","53,950,2134,2135",901,0,7.1,"82,373"
612,628,tt0116905,lone_star,1996,R,135,"6,14","2136,2137,2138,2139",1121,"0,4",7.4,"28,117"
613,629,tt0116493,harriet_the_spy,1996,PG,100,"2,6,3","2140,2141,2142,133",2143,0,5.9,"9,672"
614,630,tt0117333,phenomenon,1996,PG,123,"6,4,5,15","102,2144,19,718",1213,"61,4,0",6.4,"74,544"
615,631,tt0118113,walking_and_talking,1996,R,86,"2,6,5","2145,2146,658,505",2147,0,6.7,"3,142"
616,632,tt0117628,she's_the_one,1996,R,96,"2,6,5","1878,528,2148,525",528,0,6.0,"16,562"
617,633,tt0117913,a_time_to_kill,1996,R,149,"7,6,8","809,281,614,1052",566,0,7.5,"134,152"
618,634,tt0115530,american_buffalo,1996,R,88,6,"1051,2149,1482",1362,0,5.8,"3,465"
619,635,tt0115493,alaska,1996,PG,109,"1,3","134,2150,2151,2152",2153,0,5.8,"5,113"
620,636,tt0116320,fled,1996,R,98,"10,1,7,6,5","127,234,2154,1621",2155,"0,4",5.4,"8,557"
621,637,tt0116756,kazaam,1996,PG,93,"2,3,4,17","2156,626,2157,2158",1380,0,3.0,"23,163"
622,638,tt0116823,larger_than_life,1996,PG,93,"2,3","1562,2127,2159,2160",2161,0,5.7,"6,827"
623,639,tt0118073,a_very_brady_sequel,1996,PG-13,90,2,"1763,1764,1766,1765",2162,0,5.7,"10,020"
624,640,tt0061495,the_collector,1967,Not Rated,89,"2,6,5","2163,2164,2165,2166",2167,"2,1,0",7.5,"6,860"
625,642,tt0115472,the_adventures_of_pinocchio,1996,G,96,"1,6,3,4,17","862,35,2168,2169",1438,0,5.2,"5,368"
626,643,tt0116707,joe's_apartment,1996,PG-13,80,"2,4,17,15","1424,2170,2171,486",2172,"0,4",5.5,"12,613"
627,644,tt0116313,the_first_wives_club,1996,PG,103,2,"2173,2174,21,1649",2175,"0,2,1",6.4,"44,092"
628,645,tt0117438,ransom,1996,R,121,"10,7,8","452,104,2176,555",556,0,6.7,"119,153"
629,646,tt0116531,high_school_high,1996,PG-13,86,"2,7,5","1428,648,2177,592",2178,0,5.6,"12,668"
630,647,tt0116353,foxfire,1996,R,102,6,"2179,631,2180,2181",2182,0,6.2,"8,614"
631,648,tt0115857,chain_reaction,1996,PG-13,107,"10,6,15,8","639,218,2183,2184",482,0,5.7,"48,045"
632,649,tt0117008,matilda,1996,PG,102,"2,3,4","2185,105,584,1011",105,0,6.9,"130,379"
633,650,tt0116191,emma,1996,PG,120,"2,6,5","926,451,780,1400",2186,0,6.6,"36,103"
634,651,tt0115986,the_crow:_city_of_angels,1996,R,84,"10,7,4,8","1077,669,2187,2188",2189,0,4.7,"19,228"
635,652,tt0116571,house_arrest,1996,PG,108,"2,3","2190,2191,1327,237",2192,0,5.9,"8,075"
636,653,tt0053459,eyes_without_a_face,1960,Not Rated,90,"6,11","2193,2194,2195,2196",2197,1,7.7,"27,945"
637,654,tt0117826,bordello_of_blood,1996,R,87,"2,4,11","1171,695,1058,2198",2199,"0,4",5.4,"13,756"
638,655,tt0117718,the_spitfire_grill,1996,PG-13,117,6,"1203,1083,2069,2154",2200,0,7.0,"5,275"
639,656,tt0116225,john_carpenter's_escape_from_l.a.,1996,R,101,"10,1,15,8","1124,2201,657,2202",1193,"0,4",5.8,"70,087"
640,657,tt0115632,basquiat,1996,R,107,"13,6","2203,1257,236,678",2204,"0,4",6.9,"19,641"
641,658,tt0117918,tin_cup,1996,R,135,"2,6,5,18","767,104,2205,608",1262,0,6.4,"46,345"
642,659,tt0068646,the_godfather,1972,R,175,"7,6","828,25,1604,2206",2101,"0,2,9",9.2,"1,635,913"
643,660,tt0104558,supercop,1992,R,91,"10,2,7,8","457,2207,2085,2208",461,"8,0,6,23,62",6.9,"19,519"
644,661,tt0115736,bound,1996,R,109,"7,8","1244,723,481,2209","2210,2211","0,2",7.3,"50,711"
645,662,tt0115836,carpool,1996,PG,89,2,"327,2212,584,1122",2213,0,5.0,"4,516"
646,663,tt0116745,kansas_city,1996,R,116,"7,6,19,8","248,1186,772,2214",1088,0,6.4,"4,357"
647,664,tt0119214,gone_fishin',1997,PG,94,"2,7","75,1978,2215,1872",538,0,4.9,"9,448"
648,666,tt0106544,supercop_2,1993,R,104,"10,2,7,8","2207,2216,2217,2218",461,8,6.2,"3,644"
649,667,tt0120004,the_relic,1997,R,110,"11,14,15,8","1426,609,2219,2220",44,0,5.8,"25,161"
650,668,tt0116654,the_island_of_dr._moreau,1996,PG-13,96,"11,15,8","828,27,200,2037","2221,2222","0,24",4.6,"31,234"
651,669,tt0116311,first_kid,1996,PG,101,"3,2","902,2223,2224,1724",2225,0,5.3,"10,247"
652,670,tt0117965,the_trigger_effect,1996,R,94,"6,8","722,123,109,2226",2227,"2,0",5.7,"6,116"
653,671,tt0115725,bogus,1996,PG,110,"2,3,4","807,2228,2229,2230",1042,"0,1",5.4,"6,202"
654,672,tt0115783,bulletproof,1996,R,84,"10,2,7","968,435,1604,2231",1174,0,5.8,"35,321"
655,673,tt0113596,the_land_before_time_iii:_the_time_of_the_great_giving,1995,G,71,"0,1,3,17","2232,2233,2234,2235",2236,0,5.7,"5,611"
656,674,tt0109001,1-900,1994,Not Rated,87,"5,6","2237,2238",2239,7,6.2,587
657,675,tt0113253,halloween:_the_curse_of_michael_myers,1995,R,87,"11,8","2240,180,2241,2242",2243,0,4.8,"31,505"
658,676,tt0117991,twelfth_night,1996,PG,134,"2,6,5","2244,2245,408,2246",2247,0,7.2,"5,669"
659,677,tt0117093,mother_night,1996,R,114,"6,5,16","925,2248,2249,2250",2251,"0,3,48",7.1,"4,916"
660,678,tt0111019,wild_reeds,1994,Not Rated,110,6,"2252,2253,2254,2255",2256,1,7.4,"5,301"
661,679,tt0035896,for_whom_the_bell_tolls,1943,Passed,170,"1,6,12,5,16","2257,2258,1972,2259",2260,"0,4",6.9,"8,399"
662,680,tt0032904,the_philadelphia_story,1940,Not Rated,112,"2,5","2261,977,2262,2263",2264,"0,1",7.9,"63,989"
663,681,tt0045152,singin'_in_the_rain,1952,G,103,"2,17,5","2265,2266,2267,2268","2269,2265",0,8.3,"220,062"
664,682,tt0043278,an_american_in_paris,1951,Passed,114,"6,17,5","2265,2270,2271,2272",2273,"0,1,3",7.2,"30,631"
665,683,tt0050419,funny_face,1957,Not Rated,103,"2,17,5","2274,2275,2276,2277",2269,"0,1",7.0,"27,301"
666,684,tt0054698,breakfast_at_tiffany's,1961,Approved,115,"2,6,5","2274,2278,2279,2280",2281,"0,61,1,18",7.6,"167,191"
667,685,tt0052357,vertigo,1958,PG,128,"14,5,8","2262,2282,2283,2284",2285,0,8.3,"366,048"
668,686,tt0047396,rear_window,1954,PG,112,"14,8","2262,2286,2287,2288",2285,0,8.4,"445,910"
669,687,tt0025316,it_happened_one_night,1934,Approved,105,"2,5","2289,2290,2291,2292",2293,0,8.1,"94,390"
670,688,tt0036855,gaslight,1944,Not Rated,114,"7,6,14,8","2294,2258,2295,2296",2264,"0,2",7.8,"24,753"
671,689,tt0025164,the_gay_divorcee,1934,Approved,107,"2,17,5","2275,2297,2298,2299",2300,"0,1,2",7.5,"7,051"
672,690,tt0053125,north_by_northwest,1959,Approved,136,"1,14,8","2261,2301,2302,2303",2285,"0,1",8.3,"301,264"
673,691,tt0053604,the_apartment,1960,Approved,125,"2,6,5","11,1980,2304,2305",2306,0,8.3,"165,873"
674,692,tt0053291,some_like_it_hot,1959,Passed,121,"2,19,5","2307,1754,11,2308",2306,0,8.2,"245,749"
675,693,tt0056923,charade,1963,Passed,113,"2,14,5,8","2261,2274,10,2129",2269,"0,1,3,2,4",7.9,"69,070"
676,694,tt0034583,casablanca,1942,PG,102,"6,5,16","2309,2258,2310,2311",2312,"0,1,3,2",8.5,"524,240"
677,695,tt0033870,the_maltese_falcon,1941,Not Rated,100,"22,14","2309,2313,2314,2315",2316,0,8.0,"149,233"
678,696,tt0058385,my_fair_lady,1964,G,170,"6,3,17,5","2274,2317,2318,2319",2264,0,7.8,"86,880"
679,697,tt0047437,sabrina,1954,Passed,113,"2,6,5","2309,2274,1805,2320",2306,"0,1",7.7,"59,745"
680,698,tt0046250,roman_holiday,1953,Not Rated,118,"2,5","2321,2274,2322,2323",2324,"0,2,3",8.0,"128,127"
681,699,tt0031580,the_little_princess,1939,Approved,93,"2,6,3,17","2325,2326,2327,2328","2329,2330","0,19",7.2,"5,668"
682,700,tt0037059,meet_me_in_st._louis,1944,Passed,113,"2,6,3,19,5","2331,2332,2313,2333",2273,0,7.5,"21,248"
683,701,tt0032138,the_wizard_of_oz,1939,PG,102,"1,3,4,17","2331,2334,2335,2336","2337,2264,2338,2339,2340,2341",0,8.0,"372,058"
684,702,tt0031381,gone_with_the_wind,1939,Passed,238,"6,12,5,16","2342,2343,2344,2345","2337,2264,2260",0,8.1,"290,863"
685,703,tt0084370,my_favorite_year,1982,PG,92,"2,6","2346,2347,2348,2349",1000,0,7.4,"8,705"
686,704,tt0043014,sunset_blvd.,1950,Passed,110,"6,22","1805,2350,2351,2352",2306,0,8.4,"203,249"
687,705,tt0033467,citizen_kane,1941,PG,119,"6,14","2295,2353,2354,2355",2356,"0,2",8.3,"407,017"
688,706,tt0062622,2001:_a_space_odyssey,1968,G,149,"1,15","2357,2358,2359,2360",2084,"0,5",8.3,"607,841"
689,707,tt0042192,all_about_eve,1950,Passed,138,6,"2361,2362,2363,2364",2365,"0,1",8.2,"120,945"
690,708,tt0032143,the_women,1939,Not Rated,133,"2,6","2366,2367,2368,2369",2264,"0,1",7.8,"12,645"
691,709,tt0032976,rebecca,1940,Approved,130,"6,14,5,8","2370,2371,2363,2372",2285,"0,1",8.1,"124,423"
692,710,tt0032484,foreign_correspondent,1940,Passed,120,"10,5,8,16","2373,2374,2375,2363",2285,"0,7,3,63",7.5,"18,630"
693,711,tt0038787,notorious,1946,Not Rated,102,"6,22,5,8","2261,2258,2311,2376",2285,"0,1,61",7.9,"92,831"
694,712,tt0038109,spellbound,1945,Approved,111,"22,14,5,8","2258,2321,2377,2378",2285,0,7.6,"43,658"
695,713,tt0050105,an_affair_to_remember,1957,Not Rated,115,"6,17,5","2261,2379,2380,2381",2382,"0,1,2",7.5,"27,812"
696,714,tt0048728,to_catch_a_thief,1955,PG,106,"14,5,8","2261,2286,2303,2383",2285,"0,1",7.4,"65,904"
697,715,tt0042451,father_of_the_bride,1950,Not Rated,92,"2,5","2384,2385,2386,2387",2273,0,7.2,"10,051"
698,716,tt0045537,the_band_wagon,1953,Passed,112,"2,17,5","2275,2388,2271,2389",2273,"0,1,3",7.5,"10,181"
699,717,tt0031725,ninotchka,1939,Not Rated,110,"2,5","2390,2391,2392,2393",2394,"0,5",7.9,"19,140"
700,718,tt0050658,love_in_the_afternoon,1957,Not Rated,130,"2,7,6,5","2257,2274,2395,2396",2306,"0,1",7.2,"14,060"
701,719,tt0051658,gigi,1958,G,115,"2,17,5","2270,2395,2397,2398","2273,2399","0,1",6.7,"19,724"
702,720,tt0029843,the_adventures_of_robin_hood,1938,PG,102,"10,1,5","2400,2401,2402,2311","2312,2403",0,7.9,"47,273"
703,721,tt0032762,the_mark_of_zorro,1940,Approved,94,"10,1,5,9","2404,2405,2402,2406",2407,"0,4",7.5,"9,252"
704,722,tt0037008,laura,1944,Passed,88,"6,22,14","2408,2409,2410,2411",2412,0,8.0,"42,840"
705,723,tt0039420,the_ghost_and_mrs._muir,1947,Not Rated,104,"2,6,4,14,5,8","2408,2317,2363,2413",2365,0,7.9,"15,893"
706,724,tt0029162,lost_horizon,1937,Approved,132,"1,6,4,14","2414,2415,2299,2416",2293,"0,6",7.7,"12,047"
707,725,tt0027125,top_hat,1935,Not Rated,101,"2,17,5","2275,2297,2299,2417",2300,"0,2",7.7,"17,522"
708,726,tt0035446,to_be_or_not_to_be,1942,Passed,99,"2,16","2418,2419,2420,2421",2394,"0,3",8.2,"30,196"
709,727,tt0028010,my_man_godfrey,1936,Not Rated,94,"2,6,5","2422,2418,2298,2423",2424,"0,5",8.0,"21,236"
710,728,tt0049261,giant,1956,G,201,"6,9","2386,2425,2426,2427",2428,"0,4",7.6,"34,198"
711,729,tt0048028,east_of_eden,1955,PG,118,6,"2429,2426,2430,2431",2432,0,7.9,"40,678"
712,730,tt0025878,the_thin_man,1934,TV-PG,91,"2,7,14","2422,2433,2434,2435",2436,0,8.0,"26,834"
713,731,tt0032599,his_girl_friday,1940,Passed,92,"2,6,5","2261,2368,1804,2437",2438,"0,1",7.9,"54,025"
714,732,tt0048960,around_the_world_in_80_days,1956,G,175,"1,2,3,5","2439,2440,2441,2442","2443,2444","0,4,1",6.8,"24,972"
715,733,tt0038650,it's_a_wonderful_life,1946,PG,130,"6,3,4","2262,2445,2446,2342",2293,"0,1",8.6,"408,649"
716,734,tt0031679,mr._smith_goes_to_washington,1939,Passed,129,"2,6","2447,2262,2311,2448",2293,0,8.1,"107,273"
717,735,tt0029947,bringing_up_baby,1938,Passed,102,"2,3,5","977,2261,2449,2450",2438,0,7.8,"55,379"
718,736,tt0034012,penny_serenade,1941,Not Rated,119,"6,5","2451,2261,2452,2453",2428,0,7.1,"6,396"
719,737,tt0025586,of_human_bondage,1934,Not Rated,83,"6,5","2454,2361,2455,2456",2457,0,7.1,"6,464"
720,738,tt0027893,little_lord_fauntleroy,1936,Passed,102,"6,3","2458,2459,2460,2461",2457,0,7.2,"1,899"
721,739,tt0041509,the_inspector_general,1949,Approved,102,"2,17,5","2462,2463,2464,2465",2466,0,6.8,"3,060"
722,740,tt0026029,the_39_steps,1935,Approved,86,"7,14,8","2467,2468,2469,2470",2285,0,7.6,"52,245"
723,741,tt0063350,night_of_the_living_dead,1968,Not Rated,96,"11,8","2471,2472,2473,2474",2475,0,7.9,"117,178"
724,742,tt0043265,the_african_queen,1951,PG,105,"1,6,5,16","2309,977,2441,2476",2316,"0,3,35",7.7,"71,660"
725,743,tt0046414,beat_the_devil,1953,Approved,89,"10,1,2,7,6,5","2309,2477,2478,2441",2316,"0,2",6.5,"8,243"
726,744,tt0051459,cat_on_a_hot_tin_roof,1958,Not Rated,108,6,"2386,1013,2431,2479",2187,0,8.0,"45,316"
727,745,tt0033891,meet_john_doe,1941,Passed,122,"2,6,5","2257,2480,2448,2481",2293,0,7.6,"12,248"
728,746,tt0022879,a_farewell_to_arms,1932,Unrated,80,"6,5,16","2482,2257,2483,2484",2485,"2,9,0",6.5,"5,125"
729,747,tt0114007,nothing_personal,1995,R,86,6,"1241,1917,2486,392",2487,0,6.9,469
730,748,tt0118927,dangerous_ground,1997,R,95,"10,7,6,8","2488,2489,2490,299",186,"0,46",4.5,"1,815"
731,749,tt0048491,picnic,1955,Approved,115,"6,5","1805,2282,2491,2492",2493,0,7.1,"7,932"
732,750,tt0117357,the_pompatus_of_love,1995,R,99,"2,6,5","2494,2495,2496,1888",2497,0,5.3,546
733,751,tt0116329,fly_away_home,1996,PG,107,"1,6,3","847,1598,858,1410",2498,0,6.8,"23,595"
734,752,tt0118742,bliss,1997,R,103,"6,5","1605,1239,1236,2499",2500,0,6.0,"2,159"
735,753,tt0116442,grace_of_my_heart,1996,R,116,"2,6,19","2501,2502,2503,2504",87,0,6.7,"3,575"
736,754,tt0117011,maximum_risk,1996,R,101,"10,8","40,2505,1076,2506",2507,0,5.5,"20,356"
737,755,tt0117039,michael_collins,1996,R,133,"13,6,8,16","1241,389,2508,462",924,0,7.2,"29,579"
738,756,tt0116635,infinity,1996,PG,119,"13,6","1287,2509,1299,2510",1287,0,6.2,"1,714"
739,757,tt0115678,big_night,1996,R,109,"6,5","2511,2512,649,2513","1303,649","0,2",7.3,"18,043"
740,758,tt0116830,last_man_standing,1996,R,101,"10,7,6,8","159,2514,2515,387",778,"0,4",6.4,"53,554"
741,759,tt0117603,set_it_off,1996,R,123,"10,7,6,5,8","1173,2516,2517,2518",302,0,6.9,"14,357"
742,760,tt0115438,2_days_in_the_valley,1996,R,104,"2,7,8","419,1582,847,2519",2520,"0,34",6.5,"18,499"
743,761,tt0116259,extreme_measures,1996,R,118,"7,6,14,8","545,103,475,337",1018,0,6.2,"17,066"
744,762,tt0116421,the_glimmer_man,1996,R,91,"10,2,7,6,8","752,1341,1132,2521",2522,"0,51,5",5.4,"18,833"
745,763,tt0116000,d3:_the_mighty_ducks,1996,PG,104,"10,2,6,3,18","1381,2523,2524,2525",2526,0,5.5,"24,829"
746,764,tt0115862,the_chamber,1996,R,113,"7,6,8","671,103,376,170",1926,0,6.0,"12,863"
747,765,tt0072653,the_apple_dumpling_gang,1975,G,100,"2,3,9","2527,2528,2529,2530",2531,0,6.5,"5,167"
748,766,tt0047977,davy_crockett:_king_of_the_wild_frontier,1955,Approved,93,"1,6,3,9","2532,2280,2533,2534",2535,"0,4",7.0,"3,680"
749,767,tt0072951,escape_to_witch_mountain,1975,G,97,"1,3,4,14,15","2322,2536,2240,2537",2538,0,6.4,"9,344"
750,768,tt0064603,the_love_bug,1968,G,108,"2,3,18","2539,2540,2541,2542",2543,"0,8,4",6.5,"14,489"
751,769,tt0071607,herbie_rides_again,1974,G,88,"2,3,4,5","2482,2544,2545,2546",2543,0,5.7,"7,456"
752,770,tt0050798,old_yeller,1957,Approved,83,"1,6,3,9","2547,2532,2548,2549",2543,0,7.3,"11,936"
753,771,tt0055277,the_parent_trap,1961,Passed,129,"2,3,5","2550,2551,2552,2449",2553,0,7.1,"19,068"
754,772,tt0054195,pollyanna,1960,Approved,134,"2,6,3","2550,2554,2555,2556",2553,0,7.4,"9,213"
755,773,tt0107131,homeward_bound:_the_incredible_journey,1993,G,84,"1,2,6,3","2557,2558,2559,2560",2561,0,7.0,"42,134"
756,774,tt0053271,the_shaggy_dog,1959,Approved,104,"2,3,4","2304,2268,2562,2563",2564,0,6.5,"4,457"
757,775,tt0054357,swiss_family_robinson,1960,G,126,"1,3","2565,2547,2566,2567",2568,0,7.2,"14,422"
758,776,tt0059793,that_darn_cat!,1965,Approved,116,"2,7,3,8","2550,2539,2569,2570",2543,"0,1",6.8,"6,088"
759,777,tt0046672,"20,000_leagues_under_the_sea",1954,G,127,"1,6,3,4,15","2571,2302,2572,2315",2573,0,7.2,"29,523"
760,778,tt0106611,cool_runnings,1993,PG,98,"1,2,3,12,18","362,1979,2574,2575",1213,"0,3,5",7.0,"93,530"
761,779,tt0109127,angels_in_the_outfield,1994,PG,102,"2,3,4,18","1978,1334,2576,351",2577,0,6.2,"29,229"
762,780,tt0042332,cinderella,1950,G,74,"0,3,4,17,5","2578,2579,2580,2581","2582,1786,1802",0,7.3,"146,833"
763,781,tt0063819,winnie_the_pooh_and_the_blustery_day,1968,G,25,"0,21,2,3,17","2583,1857,2584,2585","1859,1789",0,8.0,"4,711"
764,782,tt0038166,the_three_caballeros,1944,Approved,71,"0,2,3,4,17","2586,2587,2588,1857","1799,2582,1801,1803,2589","0,4,61",6.4,"12,561"
765,783,tt0057546,the_sword_in_the_stone,1963,G,79,"0,1,2,3,4,17","2583,2590,2591,2592","1859,2582,1785",0,7.2,"90,319"
766,784,tt0102798,robin_hood:_prince_of_thieves,1991,PG-13,143,"10,1,6,5","767,218,743,321",771,"0,28",6.9,"179,300"
767,785,tt0058331,mary_poppins,1964,G,139,"2,3,4,17","2593,2594,2541,2595",2543,0,7.8,"158,984"
768,786,tt0033563,dumbo,1941,G,64,"0,6,3,17","2596,1796,1797,2597","2598,1799,1786,1801,1803,1789,2599",0,7.2,"120,130"
769,787,tt0076538,pete's_dragon,1977,G,128,"0,1,2,3,4,17","2600,2601,2602,2603","2604,2605",0,6.4,"22,604"
770,788,tt0066817,bedknobs_and_broomsticks,1971,G,117,"0,1,2,3,4,17","1793,2541,2570,2606","2543,2607","0,3",7.1,"34,350"
771,789,tt0043274,alice_in_wonderland,1951,G,75,"0,1,3,4,17","2608,2609,2610,1857","2582,1786,1802,1801",0,7.4,"129,424"
772,790,tt0082406,the_fox_and_the_hound,1981,G,83,"0,1,6,3","2602,1124,2611,2612","2613,1116,2614,1785,1859",0,7.3,"85,122"
773,791,tt0116361,freeway,1996,R,102,"2,7,6,8","1445,1337,1348,2615",2616,0,6.8,"26,535"
774,792,tt0059742,the_sound_of_music,1965,G,172,"13,6,3,17,5","2593,845,2617,2610",2618,"0,3",8.0,"207,857"
775,793,tt0095016,die_hard,1988,R,132,"10,8","159,1322,2619,2620",616,"0,3,2,18",8.2,"797,927"
776,794,tt0104692,the_lawnmower_man,1992,R,108,"11,15","2621,45,2622,2623",881,0,5.5,"34,040"
777,795,tt0117582,the_secret_agent,1996,R,95,"6,8","61,492,2228,1749",2624,0,5.7,"2,206"
778,796,tt0117589,secrets_&_lies,1996,R,136,"2,6","2625,2626,2627,2628",1583,"0,64",8.0,"37,718"
779,797,tt0117887,that_thing_you_do!,1996,PG,108,"2,6,19","2629,2097,619,1310",0,0,6.9,"62,660"
780,798,tt0117924,to_gillian_on_her_37th_birthday,1996,PG-13,93,"6,4,5","1202,153,2630,2631",2632,0,5.8,"4,607"
781,799,tt0115640,beautiful_thing,1996,R,90,"2,6,5","2633,2634,2635,2636",2637,0,7.5,"22,654"
782,800,tt0116908,the_long_kiss_goodnight,1996,R,121,"10,7,6,14,8","69,614,2118,2638",73,0,6.8,"74,100"
783,801,tt0116409,the_ghost_and_the_darkness,1996,R,110,"1,6,8","50,27,79,2639",1406,"0,19",6.9,"56,635"
784,802,tt0116913,looking_for_richard,1996,PG-13,111,"20,6","2640,2641,2642,2643",25,0,7.3,"7,878"
785,803,tt0117958,trees_lounge,1996,R,95,"2,6","329,2644,657,2645",657,0,7.1,"13,876"
786,804,tt0117202,normal_life,1996,R,101,"7,6","1634,2646,2647,2648",2649,0,6.3,"2,159"
787,805,tt0116404,get_on_the_bus,1996,R,120,"1,6,12","2650,1182,2651,2652",593,0,6.8,"5,175"
788,806,tt0120107,shadow_conspiracy,1997,R,103,"10,8","1497,831,1775,534",1693,0,5.0,"4,404"
789,807,tt0116722,jude,1996,R,123,"6,5","1136,81,954,2653",2654,"0,9",6.9,"9,932"
790,808,tt0116242,everyone_says_i_love_you,1996,R,101,"2,17,5","2655,672,2656,2657",243,"0,1,2,19",6.7,"35,530"
791,809,tt0117509,romeo_+_juliet,1996,PG-13,120,"6,5","539,2630,750,2658",2659,0,6.7,"212,171"
792,810,tt0117802,swingers,1996,R,96,"2,6","1640,2660,2661,2662",2663,0,7.2,"75,762"
793,811,tt0117665,sleepers,1996,R,147,"7,6,8","60,2664,26,1876",832,0,7.6,"187,890"
794,812,tt0115491,aladdin_and_the_king_of_thieves,1996,Not Rated,81,"0,1,2,3,4,17,5","2665,63,2666,1771",2667,0,6.4,"32,968"
795,813,tt0029546,shall_we_dance,1937,Approved,109,"2,17,5","2275,2297,2299,2668",2300,"0,1",7.5,"6,573"
796,814,tt0039286,crossfire,1947,Approved,86,"7,6,22,14","2669,2670,1807,2671",2672,0,7.3,"7,296"
797,815,tt0067992,willy_wonka_&_the_chocolate_factory,1971,G,100,"3,4,17","2673,2612,2674,2675",2676,"0,1,3,2",7.8,"179,897"
798,816,tt0055018,the_innocents,1961,Not Rated,100,11,"2379,2677,2678,2679",2680,0,7.8,"27,225"
799,817,tt0070707,sleeper,1973,PG,89,"2,15","243,21,2681,2682",243,"0,48",7.2,"39,903"
800,818,tt0066808,bananas,1971,PG-13,82,2,"243,2683,2684,2685",243,"0,4,48,2",7.0,"34,082"
801,819,tt0095159,a_fish_called_wanda,1988,R,108,"2,7","2686,1327,865,2687","2688,2686","0,2,5,1",7.5,"131,974"
802,820,tt0079470,monty_python's_life_of_brian,1979,R,94,2,"2689,2686,162,2690",2691,"0,9",8.1,"369,687"
803,821,tt0084865,victor_victoria,1982,PG,134,"2,19,5","2593,1302,2692,1441",2281,"0,1",7.6,"19,543"
804,822,tt0068334,the_candidate,1972,PG,110,"2,6","517,1212,2391,2693",1444,0,7.0,"9,939"
805,823,tt0059243,the_great_race,1965,Passed,160,"10,1,2,3,5,18,9","11,1754,2694,1081",2281,0,7.3,"16,246"
806,824,tt0061418,bonnie_and_clyde,1967,R,111,"10,13,7,6","976,376,2695,103",2696,0,7.8,"102,927"
807,825,tt0052027,the_old_man_and_the_sea,1958,Not Rated,86,"1,6","2384,2697,2698","2699,2700",0,7.0,"7,110"
808,826,tt0046912,dial_m_for_murder,1954,PG,105,"7,8","2536,2286,2701,2383",2285,0,8.2,"159,771"
809,827,tt0092890,dirty_dancing,1987,PG-13,100,"6,19,5","2702,742,2703,2704",2705,0,7.0,"205,632"
810,828,tt0105236,reservoir_dogs,1992,R,99,"7,6,8","304,559,733,2706",90,0,8.3,"925,783"
811,829,tt0091763,platoon,1986,R,120,"6,16","193,19,2707,1586",68,"0,34",8.1,"383,773"
812,830,tt0098627,weekend_at_bernie's,1989,PG-13,97,"1,2,7","2708,2709,2710,2711",2712,0,6.4,"49,274"
813,831,tt0103772,basic_instinct,1992,R,127,"6,14,8","50,74,154,1478",725,0,7.0,"179,196"
814,832,tt0101761,the_doors,1991,R,140,"13,6,19","27,864,722,1152",68,0,7.2,"84,020"
815,833,tt0104036,the_crying_game,1992,R,112,"7,6,5,8","19,1186,2713,1473",924,0,7.2,"51,223"
816,834,tt0104348,glengarry_glen_ross,1992,R,100,"7,6,14","25,11,341,479",1926,0,7.7,"96,462"
817,835,tt0084707,sophie's_choice,1982,R,150,"6,5","440,865,56,2714",2715,"0,38,3,1,5",7.6,"42,441"
818,836,tt0083866,e.t._the_extra-terrestrial,1982,PG,115,"3,15","2716,2717,433,2718",1533,0,7.8,"374,878"
819,837,tt0029992,a_christmas_carol,1938,Passed,69,"6,3,4","2719,2437,2720,2721",2722,0,7.5,"6,475"
820,838,tt0099371,days_of_thunder,1990,PG-13,107,"10,6,18","1477,718,208,2042",600,"0,1",6.1,"79,833"
821,839,tt0092099,top_gun,1986,PG,110,"10,6","1477,2723,27,2724",600,0,6.9,"296,612"
822,840,tt0048545,rebel_without_a_cause,1955,PG-13,111,6,"2426,2694,2725,2726",2727,0,7.7,"84,002"
823,841,tt0044081,a_streetcar_named_desire,1951,PG,122,6,"2344,828,2728,2556",2432,"0,4",8.0,"99,634"
824,842,tt0115885,children_of_the_corn:_the_gathering,1996,R,85,"11,8","1168,2729,2730,2731",2732,0,4.2,"4,336"
825,844,tt0117040,microcosmos,1996,G,80,20,"2733,366","2734,2735",1,7.9,"10,725"
826,845,tt0117284,palookaville,1995,R,92,"2,7","352,2736,1205,2737",2738,0,6.5,"2,360"
827,846,tt0116378,the_funeral,1996,R,99,"7,6","387,2706,562,908",564,"0,2",6.6,"8,259"
828,847,tt0113057,a_single_girl,1995,TV-MA,90,6,"2739,2740,2741,2742",2743,1,6.9,"1,526"
829,849,tt0112907,drunks,1995,R,90,6,"125,2744,2745,2746",2747,0,6.3,"1,016"
830,850,tt0117318,the_people_vs._larry_flynt,1996,R,130,"13,6","98,2748,2655,2749",2750,0,7.3,"88,374"
831,851,tt0116422,glory_daze,1995,R,100,2,"2751,2752,2170,2753",2754,0,5.5,"3,324"
832,853,tt0082846,on_golden_pond,1981,PG,109,6,"977,2755,1958,2756",2757,0,7.6,"27,740"
833,854,tt0072081,the_return_of_the_pink_panther,1975,G,113,"2,7,14","2080,845,2758,2759",2281,0,7.1,"25,301"
834,855,tt0101775,drop_dead_fred,1991,PG-13,103,"2,6,4","1750,2760,2761,382",2762,0,6.0,"27,018"
835,856,tt0096754,the_abyss,1989,PG-13,140,"1,6,14,15,8","67,743,2763,2764",1328,0,7.5,"163,476"
836,857,tt0080749,the_fog,1980,R,89,"11,8","2765,1327,2766,2767",1193,0,6.8,"64,820"
837,858,tt0082340,escape_from_new_york,1981,R,99,"10,1,15","1124,2768,1806,2240",1193,0,7.2,"127,671"
838,859,tt0082533,the_howling,1981,R,91,11,"2716,2769,438,2770",2771,"0,4",6.6,"31,326"
839,860,tt0091288,jean_de_florette,1986,PG,120,"2,6","2772,2228,1075,2773",1713,1,8.0,"24,151"
840,861,tt0091480,manon_des_sources,1986,PG,113,6,"2772,1075,1912,2774",1713,1,8.0,"20,799"
841,862,tt0081375,private_benjamin,1980,R,109,"2,16","2173,2775,644,2776",2777,0,6.2,"23,694"
842,863,tt0071853,monty_python_and_the_holy_grail,1975,PG,91,"1,2,4","2689,2686,2690,162","162,2691","0,1,9",8.2,"502,049"
843,864,tt0116587,hustler_white,1996,Unrated,79,"6,5","2778,2779,2780,2781","2782,2779",0,5.8,"1,211"
844,865,tt0116212,entertaining_angels:_the_dorothy_day_story,1996,PG-13,110,"13,6,5","1464,52,2783,2784",2785,0,6.2,431
845,866,tt0116886,the_line_king:_the_al_hirschfeld_story,1996,Not Rated,86,"20,13","2593,2786,2787,2788",2789,0,7.0,270
846,867,tt0118147,when_we_were_kings,1996,PG,88,"20,18","2790,2791,2792,2793",2794,"0,1",8.0,"15,278"
847,868,tt0108598,the_wrong_trousers,1993,Not Rated,30,"0,21,2,7,3,15",2071,2073,0,8.3,"51,187"
848,869,tt0084589,the_return_of_martin_guerre,1982,Not Rated,112,"13,7,6,12,14,5","2228,2795,2796,2797",2798,1,7.4,"4,062"
849,871,tt0034493,the_children_are_watching_us,1944,Not Rated,84,6,"2799,2800,2801,2802",2803,2,7.7,"2,428"
850,872,tt0078875,the_tin_drum,1979,R,142,"6,16","2804,2805,2806,2807",2808,"3,2,12,38,5,9",7.5,"22,379"
851,873,tt0069198,the_ruling_class,1972,PG,154,"2,6,17","2809,2810,2811,2812",1629,"0,1,2,3,9",7.4,"5,749"
852,875,tt0116059,dear_god,1996,PG,112,2,"32,2813,2814,2530",861,0,5.5,"3,620"
853,876,tt0112483,best_of_the_best_3:_no_turning_back,1995,R,90,"10,7,6,8","2815,309,723,2816",2815,0,4.9,"1,963"
854,877,tt0103850,bob_roberts,1992,R,102,"2,6","171,726,544,2817",171,0,7.0,"13,102"
855,878,tt0095765,cinema_paradiso,1988,R,155,"6,5","2818,2819,1729,2820",2821,2,8.5,"232,070"
856,879,tt0097108,"the_cook,_the_thief,_his_wife_&_her_lover",1989,NC-17,124,"7,6","2822,392,984,2823",2824,"0,1,7",7.6,"35,122"
857,880,tt0101700,delicatessen,1991,R,99,"2,7","2825,145,2826,2827","146,147",1,7.6,"80,781"
858,881,tt0101765,the_double_life_of_véronique,1991,R,98,"6,4,19,14,5","128,2828,2829,2830",1092,"1,38,2",7.8,"43,021"
859,882,tt0101811,enchanted_april,1991,PG,95,6,"2831,1186,734,2832",548,"0,2",7.4,"6,058"
860,883,tt0050825,paths_of_glory,1957,Approved,88,"6,16","2571,2833,2483,2834",2084,"0,3,9",8.4,"179,280"
861,884,tt0099703,the_grifters,1990,R,110,"7,6,8","338,418,51,2835",393,0,6.9,"25,412"
862,885,tt0102014,hear_my_song,1991,R,104,"2,6,19","2836,2837,2838,2839",2840,0,7.0,"1,502"
863,886,tt0116209,the_english_patient,1996,R,162,"6,5,16","736,1093,1185,366",1578,"0,3,2,28",7.4,"179,229"
864,887,tt0102426,mediterraneo,1991,R,96,"2,6,16","2841,2842,2843,2844",2845,"2,0,64,65",7.5,"13,930"
865,888,tt0097937,my_left_foot,1989,R,103,"13,6","1373,1334,2846,2847",1523,0,7.9,"68,357"
866,889,tt0098724,"sex,_lies,_and_videotape",1989,R,100,6,"1125,757,1202,1034",1206,0,7.2,"50,779"
867,890,tt0105107,passion_fish,1992,R,135,6,"1407,16,2848,2849",1121,0,7.4,"5,040"
868,891,tt0105488,strictly_ballroom,1992,PG,94,"2,6,19,5","859,2850,2851,2852",2659,"0,4",7.2,"25,102"
869,892,tt0096257,the_thin_blue_line,1988,Not Rated,101,"20,7","2853,2854,2855,2856",2857,0,8.0,"21,652"
870,893,tt0101026,tie_me_up!_tie_me_down!,1989,NC-17,101,"2,7,6,5","295,113,2858,2859",1717,4,7.0,"24,933"
871,894,tt0102370,madonna:_truth_or_dare,1991,R,120,"20,19","86,2860,2861,2862",1466,0,6.4,"8,709"
872,895,tt0100332,paris_is_burning,1990,R,71,20,"2863,2864,2865,2866",2867,0,8.2,"12,908"
873,896,tt0073486,one_flew_over_the_cuckoo's_nest,1975,R,133,6,"2868,2869,2870,2871",2750,0,8.7,"921,958"
874,897,tt0078446,up_in_smoke,1978,R,86,"2,19","608,1162,2872,2873","2874,1162","0,4",7.0,"36,258"
875,898,tt0080684,star_wars:_episode_v_-_the_empire_strikes_back,1980,PG,124,"10,1,4,15","945,30,946,2875",2876,0,8.7,"1,167,611"
876,899,tt0093779,the_princess_bride,1987,PG,98,"1,3,4,5","1283,2877,1689,2878",54,0,8.0,"395,432"
